Реєстраційний номер;Унормована назва;Унормована назва латиницею;Вид географічного об'єкту;Адміністративно- територіальна одиниця (АР Крим, область);Район;Широта;Довгота
Ф-10102;Смородина;Smorodyna;урочище;Хмельницька обл.;р-н Славутський;"N 50° 23’ 39""";"E 27° 2’ 9"""
Ф-10110;Устимівське;Ustymivske;урочище;Хмельницька обл.;р-н Шепетівський;"N 50° 22’ 10""";"E 27° 15’ 29"""
Ф-10111;Казенне;Kazenne;урочище;Хмельницька обл.;р-н Шепетівський;"N 50° 22’ 50""";"E 27° 16’ 59"""
Ф-10115;Хунцинищина;Khuntsynyshchyna;урочище;Хмельницька обл.;р-н Славутський;"N 50° 16’ 54""";"E 26° 43’ 1"""
Ф-10120;Шляхова;Shliakhova;урочище;Хмельницька обл.;р-н Славутський;"N 50° 15’ 51""";"E 26° 42’ 18"""
Ф-10122;Козаки;Kozaky;урочище;Хмельницька обл.;р-н Ізяславський;"N 50° 11’ 43""";"E 26° 35’ 51"""
Ф-10128;Улянівка-Друга;Ulianivka-Druha;урочище;Хмельницька обл.;р-н Ізяславський;"N 50° 8’ 51""";"E 26° 43’ 31"""
Ф-10129;Рудня;Rudnia;урочище;Хмельницька обл.;р-н Славутський;"N 50° 18’ 11""";"E 27° 2’ 40"""
Ф-10131;Грабовий Буд;Hrabovyi Bud;урочище;Хмельницька обл.;р-н Шепетівський;"N 50° 14’ 20""";"E 27° 4’ 20"""
Ф-10132;Мигаль;Myhal;урочище;Хмельницька обл.;р-н Шепетівський;"N 50° 11’ 37""";"E 27° 16’ 24"""
Ф-10134;Лабунське;Labunske;урочище;Хмельницька обл.;р-н Шепетівський;"N 50° 11’ 59""";"E 27° 21’ 52"""
Ф-10137;Дзвіна;Dzvina;урочище;Хмельницька обл.;р-н Полонський;"N 50° 10’ 53""";"E 27° 25’ 53"""
Ф-10138;Полонська Дача;Polonska Dacha;урочище;Хмельницька обл.;р-н Полонський;"N 50° 9’ 30""";"E 27° 25’ 19"""
Ф-10165;Дубинка;Dubynka;урочище;Хмельницька обл.;р-н Полонський;"N 50° 1’ 31""";"E 27° 25’ 6"""
Ф-10172;Запуст;Zapust;урочище;Хмельницька обл.;р-н Полонський;"N 50° 1’ 49""";"E 27° 27’ 49"""
Ф-10175;Березина;Berezyna;урочище;Хмельницька обл.;р-н Ізяславський;"N 49° 55’ 23""";"E 26° 47’ 53"""
Ф-10179;Кучманівка;Kuchmanivka;урочище;Хмельницька обл.;р-н Красилівський;"N 49° 52’ 6""";"E 26° 46’ 39"""
Ф-10204;Теліжинські Ліски;Telizhynski Lisky;урочище;Хмельницька обл.;р-н Старосинявський;"N 49° 36’ 53""";"E 27° 31’ 43"""
Ф-10213;Вербородінщина;Verborodinshchyna;урочище;Хмельницька обл.;р-н Старокостянтинівський;"N 49° 39’ 19""";"E 27° 20’ 3"""
Ф-10216;Крутівщина;Krutivshchyna;урочище;Хмельницька обл.;р-н Старосинявський;"N 49° 37’ 47""";"E 27° 28’ 40"""
Ф-10223;Пилявський Ліс;Pyliavskyi Lis;урочище;Хмельницька обл.;р-н Летичівський;"N 49° 34’ 21""";"E 27° 22’ 21"""
Ф-10228;Волосівська Дача;Volosivska Dacha;урочище;Хмельницька обл.;р-н Летичівський;"N 49° 34’ 9""";"E 27° 18’ 10"""
Ф-10237;Дідовичи;Didovychy;урочище;Хмельницька обл.;р-н Старокостянтинівський;"N 49° 35’ 17""";"E 27° 15’ 10"""
Ф-10238;Дубина;Dubyna;урочище;Хмельницька обл.;р-н Летичівський;"N 49° 33’ 10""";"E 27° 23’ 50"""
Ф-10239;Кручі;Kruchi;урочище;Хмельницька обл.;р-н Летичівський;"N 49° 33’ 25""";"E 27° 17’ 28"""
Ф-10240;Глушина;Hlushyna;урочище;Хмельницька обл.;р-н Летичівський;"N 49° 32’ 21""";"E 27° 18’ 6"""
Ф-10243;Чорний Ліс;Chornyi Lis;урочище;Хмельницька обл.;р-н Летичівський;"N 49° 30’ 59""";"E 27° 27’ 50"""
Ф-10245;Собачий Яр;Sobachyi Yar;урочище;Хмельницька обл.;м. Хмельницький;"N 49° 26’ 51""";"E 27° 13’ 21"""
Ф-10253;Переїмська Дача;Pereimska Dacha;урочище;Хмельницька обл.;р-н Летичівський;"N 49° 26’ 25""";"E 27° 20’ 17"""
Ф-10256;Городище;Horodyshche;урочище;Хмельницька обл.;р-н Городоцький;"N 49° 17’ 41""";"E 26° 31’ 47"""
Ф-10259;Зарудка;Zarudka;урочище;Хмельницька обл.;р-н Городоцький;"N 49° 15’ 41""";"E 26° 33’ 41"""
Ф-10260;Кам’яна Гора;Kamiana Hora;урочище;Хмельницька обл.;р-н Городоцький;"N 49° 8’ 47""";"E 26° 31’ 40"""
Ф-10262;Недобор;Nedobor;урочище;Хмельницька обл.;р-н Городоцький;"N 49° 8’ 6""";"E 26° 31’ 51"""
Ф-10263;Купинський Ліс;Kupynskui Lis;урочище;Хмельницька обл.;р-н Городоцький;"N 49° 6’ 2""";"E 26° 33’ 45"""
Ф-10264;Городище;Horodyshche;урочище;Хмельницька обл.;р-н Городоцький;"N 49° 2’ 43""";"E 26° 35’ 10"""
Ф-10282;Довге;Dovhe;урочище;Хмельницька обл.;р-н Ярмолинецький;"N 49° 11’ 20""";"E 27° 5’ 52"""
Ф-10283;Батик;Batyk;урочище;Хмельницька обл.;р-н Деражнянський;"N 49° 10’ 20""";"E 27° 18’ 9"""
Ф-10288;Пашівка;Pashivka;урочище;Хмельницька обл.;р-н Деражнянський;"N 49° 5’ 26""";"E 27° 27’ 9"""
Ф-10299;Гайдамацький Яр;Haidamatskyi Yar;урочище;Хмельницька обл.;р-н Летичівський;"N 49° 17’ 18""";"E 27° 39’ 25"""
Ф-10302;Гришкинське;Hryshkynske;урочище;Хмельницька обл.;"р-н Летичівський, р-н
Деражнянський";"N 49° 13’ 58""";"E 27° 44’ 39"""
Ф-10304;Настівники;Nastivnyky;урочище;Хмельницька обл.;р-н Деражнянський;"N 49° 10’ 38""";"E 27° 35’ 31"""
Ф-10309;Казимирівка;Kazymyrivka;урочище;Хмельницька обл.;р-н Старокостянтинівський;"N 49° 45’ 50""";"E 27° 31’ 8"""
Ф-10331;Прицькове;Prytskove;урочище;Хмельницька обл.;р-н Полонський;"N 50° 13’ 14""";"E 27° 32’ 57"""
Ф-10343;Ямпільщина;Yimpilshchyna;урочище;Хмельницька обл.;р-н Білогірський;"N 49° 58’ 15""";"E 26° 9’ 49"""
Ф-10345;Калинівка;Kalynivka;урочище;Хмельницька обл.;р-н Білогірський;"N 50° 0’ 44""";"E 26° 13’ 23"""
Ф-10352;Рутківське;Rutkivske;урочище;Хмельницька обл.;р-н Білогірський;"N 50° 1’ 49""";"E 26° 20’ 48"""
Ф-10355;Степанівський Ліс;Stepanivskyi Lis;урочище;Хмельницька обл.;р-н Білогірський;"N 50° 4’ 47""";"E 26° 15’ 51"""
Ф-10367;Нуткова Слобідка;Nutkova Sloboidka;урочище;Хмельницька обл.;р-н Волочиський;"N 49° 35’ 19""";"E 26° 28’ 41"""
Ф-10372;Горби;Horby;урочище;Хмельницька обл.;р-н Чемеровецький;"N 49° 57’ 14""";"E 26° 26’ 25"""
Ф-10379;Качанове;Kachanove;урочище;Хмельницька обл.;р-н Городоцький;"N 49° 16’ 8""";"E 26° 22’ 41"""
Ф-10381;Семихатки;Semykhatky;урочище;Хмельницька обл.;р-н Городоцький;"N 49° 9’ 42""";"E 26° 16’ 28"""
Ф-10385;Ковалева Долина;Kovaleva Dolyna;урочище;Хмельницька обл.;р-н Чемеровецький;"N 49° 6’ 49""";"E 26° 17’ 0"""
Ф-10387;Капориха;Kaporykha;урочище;Хмельницька обл.;р-н Чемеровецький;"N 49° 1’ 4""";"E 26° 26’ 20"""
Ф-10390;Ганнопільський Ліс;Hannopilskyi Lis;урочище;Хмельницька обл.;р-н Славутський;"N 50° 30’ 31""";"E 26° 50’ 1"""
Ф-10393;Пановецька Дача;Panovetska Dacha;урочище;Хмельницька обл.;р-н Кам'янець-Подільський;"N 48° 37’ 27""";"E 26° 35’ 25"""
Ф-10396;Дубина;Dubyna;урочище;Хмельницька обл.;р-н Віньковецький;"N 48° 59’ 31""";"E 27° 17’ 8"""
Ф-10406;Самбризове;Sambryzove;урочище;Хмельницька обл.;р-н Віньковецький;"N 48° 57’ 8""";"E 27° 15’ 47"""
Ф-10407;Поруба;Poruba;урочище;Хмельницька обл.;р-н Новоушицький;"N 48° 52’ 19""";"E 27° 14’ 19"""
Ф-10409;Кривняк;Kryvniak;урочище;Хмельницька обл.;р-н Дунаєвецький;"N 48° 46’ 18""";"E 27° 1’ 46"""
Ф-10412;Милятине;Myliatyne;урочище;Хмельницька обл.;"р-н Новоушицький, р-н
Дунаєвецький";"N 48° 44’ 4""";"E 27° 5’ 41"""
Ф-10414;Перелісок;Perelisok;урочище;Хмельницька обл.;р-н Новоушицький;"N 48° 44’ 41""";"E 27° 15’ 17"""
Ф-10416;Асічина;Asichyna;урочище;Хмельницька обл.;р-н Новоушицький;"N 48° 42’ 40""";"E 27° 23’ 18"""
Ф-10418;Куликівка;Kulykivka;урочище;Хмельницька обл.;р-н Новоушицький;"N 48° 43’ 7""";"E 27° 18’ 46"""
Ф-10420;Глибока Долина;Hlyboka Dolyna;урочище;Хмельницька обл.;р-н Кам'янець-Подільський;"N 48° 42’ 31""";"E 27° 1’ 44"""
Ф-10423;Лазареве;Lazareve;урочище;Хмельницька обл.;р-н Кам'янець-Подільський;"N 48° 37’ 45""";"E 26° 28’ 16"""
Ф-10427;Три Горби;Try Horby;урочище;Хмельницька обл.;р-н Кам'янець-Подільський;"N 48° 36’ 8""";"E 26° 26’ 57"""
Ф-10430;Ходорівська Дача;Khodorivska Dаcha;урочище;Хмельницька обл.;р-н Кам'янець-Подільський;"N 48° 35’ 41""";"E 26° 28’ 56"""
Ф-10432;Жовтневий Лан;Zhovtnevyi Lad;урочище;Хмельницька обл.;р-н Кам'янець-Подільський;"N 48° 35’ 4""";"E 26° 24’ 11"""
Ф-13136;Велика Бугаївка;Velyka Buhaivka;гора;Хмельницька обл.;р-н Чемеровецький;"N 49° 8’ 18""";"E 26° 14’ 40"""
Ф-13138;Лиса;Lysa;гора;Хмельницька обл.;р-н Чемеровецький;"N 49° 8’ 16""";"E 26° 20’ 43"""
Ф-13146;Водяна;Vodiana;балка;Хмельницька обл.;р-н Деражнянський;"N 49° 13’ 45""";"E 27° 30’ 28"""
Ф-13149;Василева;Vasyleva;долина;Хмельницька обл.;р-н Деражнянський;"N 49° 9’ 19""";"E 27° 35’ 0"""
Ф-13158;Західна;Zakhidna;гора;Хмельницька обл.;р-н Деражнянський;"N 49° 14’ 31""";"E 27° 33’ 32"""
Ф-14987;Тавтра;Tavtra;гора;Хмельницька обл.;Чемеровецький р-н;"N 49° 6’ 49""";"E 26° 15’ 33"""
Ф-15986;Бабин яр;Babyn yar;урочище;Хмельницька обл.;р-н Славутський;"N 50° 22’ 55""";"E 26° 54’ 45"""
Ф-16072;Атлантида;Atlantyda;печера;Хмельницька обл.;р-н Кам'янець-Подільський;"N 48° 35’ 52""";"E 26° 20’ 42"""
Ф-16089;Бальки;Balky;урочище;Хмельницька обл.;р-н Ізяславський;"N 50° 2’ 1""";"E 26° 39’ 22"""
Ф-16334;Березина;Berezyna;урочище;Хмельницька обл.;р-н Красилівський;"N 49° 42’ 7""";"E 26° 49’ 2"""
Ф-16511;Беркути;Berkuty;урочище;Хмельницька обл.;р-н Полонський;"N 50° 11’ 33""";"E 27° 29’ 27"""
Ф-16529;Березина;Berezyna;урочище;Хмельницька обл.;р-н Старокостянтинівський;"N 49° 40’ 14""";"E 27° 23’ 1"""
Ф-16530;Березина;Berezyna;урочище;Хмельницька обл.;р-н Старокостянтинівський;"N 49° 47’ 34""";"E 27° 31’ 3"""
Ф-1678;Смотрич;Smotrych;річка;Хмельницька обл.;;"N 48° 33’ 52""";"E 26° 38’ 28"""
Ф-1688;Нирка;Nyrka;річка;Хмельницька обл.;;"N 50° 28’ 40""";"E 27° 1’ 30"""
Ф-1692;Жариха;Zharykha;річка;Хмельницька обл.;;"N 50° 31’ 35""";"E 27° 3’ 35"""
Ф-16995;Бредурине;Breduryne;урочище;Хмельницька обл.;р-н Славутський;"N 50° 17’ 37""";"E 26° 46’ 52"""
Ф-1700;Понора;Ponora;річка;Хмельницька обл.;;"N 50° 7’ 2""";"E 26° 49’ 28"""
Ф-1703;Утка;Utka;річка;Хмельницька обл.;;"N 50° 18’ 1""";"E 26° 51’ 2"""
Ф-1707;Теребежі;Terebezhi;озеро;Хмельницька обл.;р-н Славутський;"N 50° 14’ 5""";"E 26° 48’ 58"""
Ф-1711;Гнилий Рів;Hnylyi Riv;річка;Хмельницька обл.;;"N 50° 19’ 50""";"E 26° 32’ 20"""
Ф-1717;Лизнівка;Lyznivka;річка;Хмельницька обл., Житомирська обл.;;"N 50° 19’ 58""";"E 27° 21’ 53"""
Ф-1718;Цвітоха;Tsvitorha;річка;Хмельницька обл.;;"N 50° 15’ 20""";"E 26° 53’ 40"""
Ф-1730;Кам'янка;Kamianka;річка;Хмельницька обл., Житомирська обл.;;"N 50° 10’ 3""";"E 27° 40’ 8"""
Ф-17359;Гретен;Hreten;урочище;Хмельницька обл.;р-н Славутський;"N 50° 16’ 32""";"E 26° 44’ 21"""
Ф-1736;Дружня;Druzhnia;річка;Хмельницька обл.;;"N 50° 9’ 16""";"E 27° 31’ 20"""
Ф-1742;Поганка;Pohanka;річка;Хмельницька обл.;;"N 50° 1’ 18""";"E 27° 21’ 30"""
Ф-1746;Полтва;Poltva;річка;Хмельницька обл.;;"N 49° 59’ 25""";"E 26° 24’ 38"""
Ф-1748;Семенівка;Semenivka;річка;Хмельницька обл.;;"N 49° 58’ 5""";"E 26° 23’ 30"""
Ф-1751;Нірка;Nirka;річка;Хмельницька обл.;;"N 49° 50’ 26""";"E 26° 25’ 50"""
Ф-1758;Фоса;Fosa;річка;Хмельницька обл.;;"N 49° 47’ 35""";"E 26° 55’ 15"""
Ф-1759;Понора;Ponora;річка;Хмельницька обл.;;"N 49° 46’ 50""";"E 27° 3’ 21"""
Ф-1762;Білка;Bilka;річка;Хмельницька обл.;;"N 49° 58’ 38""";"E 27° 13’ 25"""
Ф-1764;Вила;Vyla;річка;Хмельницька обл.;;"N 49° 57’ 38""";"E 27° 2’ 11"""
Ф-1765;Білка;Bilka;річка;Хмельницька обл.;;"N 49° 48’ 10""";"E 27° 33’ 59"""
Ф-1766;Білуга;Biluha;річка;Хмельницька обл.;;"N 49° 50’ 10""";"E 27° 26’ 40"""
Ф-1771;Грабарка;Hrabarka;річка;Хмельницька обл., Тернопільська обл.;;"N 49° 33’ 8""";"E 26° 13’ 5"""
Ф-1780;Грабарка;Hrabarka;річка;Хмельницька обл.;;"N 49° 46’ 20""";"E 27° 36’ 30"""
Ф-1787;Сорока;Soroka;річка;Хмельницька обл.;;"N 49° 12’ 57""";"E 26° 32’ 33"""
Ф-1789;Тростянець;Trostianets;річка;Хмельницька обл.;;"N 49° 9’ 42""";"E 26° 34’ 38"""
Ф-1793;Вовчок;Vovchok;річка;Хмельницька обл.;;"N 49° 16’ 45""";"E 27° 23’ 30"""
Ф-1794;Вовк;Vovk;річка;Хмельницька обл.;;"N 49° 22’ 45""";"E 27° 36’ 2"""
Ф-1796;Кудинка;Kudynka;річка;Хмельницька обл.;;"N 49° 28’ 42""";"E 27° 43’ 1"""
Ф-17996;Глибочок;Hlybochok;урочище;Хмельницька обл.;р-н Полонський;"N 50° 13’ 16""";"E 27° 28’ 46"""
Ф-18015;Вербецька дача;Verbetska dacha;урочище;Хмельницька обл.;р-н Летичівський;"N 49° 23’ 59""";"E 27° 42’ 17"""
Ф-1802;Іква;Ikva;річка;Хмельницька обл.;;"N 49° 31’ 34""";"E 27° 45’ 58"""
Ф-1807;Муха;Mukha;річка;Хмельницька обл.;;"N 49° 5’ 49""";"E 26° 12’ 24"""
Ф-1810;Чорновідка;Chornovidka;річка;Хмельницька обл.;;"N 49° 4’ 50""";"E 26° 35’ 59"""
Ф-18151;Грушевичі;Hrushevychi;урочище;Хмельницька обл.;р-н Полонський;"N 49° 57’ 58""";"E 27° 23’ 57"""
Ф-18238;Варенка;Varenka;урочище;Хмельницька обл.;р-н Летичівський;"N 49° 16’ 0""";"E 27° 42’ 11"""
Ф-18299;Джурелок;Dzhurelok;урочище;Хмельницька обл.;р-н Городоцький;"N 49° 6’ 9""";"E 26° 27’ 52"""
Ф-1837;Яромирка;Yaromyrka;річка;Хмельницька обл.;31.12.1982;"N 48° 56’ 34""";"E 26° 33’ 30"""
Ф-1840;Бужок;Buzhok;річка;Хмельницька обл.;;"N 49° 26’ 10""";"E 27° 25’ 35"""
Ф-1845;Плоска;Ploska;річка;Хмельницька обл.;;"N 49° 25’ 53""";"E 26° 58’ 18"""
Ф-1852;Калюс;Kalius;річка;Хмельницька обл.;;"N 48° 37’ 1""";"E 27° 20’ 35"""
Ф-1854;Данилівка;Danylivka;річка;Хмельницька обл.;;"N 48° 37’ 28""";"E 27° 14’ 27"""
Ф-1855;Жарнівка;Zharnivka;річка;Хмельницька обл.;;"N 48° 36’ 43""";"E 27° 14’ 11"""
Ф-1856;Летавка;Letavka;річка;Хмельницька обл.;;"N 48° 53’ 30""";"E 26° 22’ 55"""
Ф-1857;Рудка;Rudka;річка;Хмельницька обл.;;"N 48° 54’ 54""";"E 26° 22’ 48"""
Ф-1868;Жванчик;Zhvanchyk;річка;Хмельницька обл.;;"N 48° 36’ 32""";"E 27° 6’ 10"""
Ф-1876;Ушка;Ushka;річка;Хмельницька обл.;;"N 48° 54’ 23""";"E 27° 5’ 52"""
Ф-1881;Кармелітанка;Karmelitanka;річка;Хмельницька обл.;;"N 48° 33’ 10""";"E 26° 29’ 15"""
Ф-18863;Велика Кандалиха;Velyka Kandalykha;урочище;Хмельницька обл.;р-н Чемеровецький;"N 48° 59’ 41""";"E 26° 29’ 24"""
Ф-18893;Вишневе;Vyshneve;урочище;Хмельницька обл.;р-н Летичівський;"N 49° 26’ 56""";"E 27° 33’ 34"""
Ф-18904;Войкове;Voikove;урочище;Хмельницька обл.;р-н Теофіпольський;"N 49° 40’ 49""";"E 26° 21’ 2"""
Ф-19144;Верхня Грота;Verkhnia Hrota;печера;Хмельницька обл.;р-н Кам'янець-Подільський;"N 48° 39’ 56""";"E 27° 4’ 41"""
Ф-19262;Гаї;Hai;урочище;Хмельницька обл.;р-н Полонський;"N 50° 4’ 23""";"E 27° 21’ 55"""
Ф-19266;Брожарка;Brozharka;урочище;Хмельницька обл.;р-н Полонський;"N 50° 1’ 51""";"E 27° 18’ 21"""
Ф-19330;Великий Ліс;Velykyi Lis;урочище;Хмельницька обл.;р-н Новоушицький;"N 48° 46’ 40""";"E 27° 20’ 24"""
Ф-19620;Ємецький Ліс;Yemetskyi Lis;урочище;Хмельницька обл.;р-н Старосинявський;"N 49° 40’ 6""";"E 27° 27’ 49"""
Ф-19683;Довжок;Dovzhok;урочище;Хмельницька обл.;р-н Новоушицький;"N 48° 49’ 38""";"E 27° 19’ 10"""
Ф-19684;Довжок;Dovzhok;урочище;Хмельницька обл.;р-н Летичівський;"N 49° 27’ 40""";"E 27° 19’ 29"""
Ф-19785;Дідикове;Didykove;урочище;Хмельницька обл.;р-н Городоцький;"N 49° 9’ 37""";"E 26° 14’ 29"""
Ф-19856;Драчьова;Drachova;урочище;Хмельницька обл.;р-н Полонський;"N 50° 1’ 47""";"E 27° 25’ 25"""
Ф-199;Корчик;Korchyk;річка;"Хмельницька обл., Житомирська обл.,
Рівненська обл.";;"N 50° 47’ 52""";"E 27° 12’ 45"""
Ф-20080;Зади;Zady;урочище;Хмельницька обл.;р-н Чемеровецький;"N 49° 2’ 57""";"E 26° 24’ 59"""
Ф-20086;Дідовець;Didovets;урочище;Хмельницька обл.;р-н Старокостянтинівський;"N 49° 35’ 22""";"E 27° 16’ 43"""
Ф-20184;Зелений Гай;Zelenyi Hai;урочище;Хмельницька обл.;р-н Красилівський;"N 49° 43’ 19""";"E 26° 49’ 27"""
Ф-20208;Камлай;Kamlai;урочище;Хмельницька обл.;р-н Городоцький;"N 49° 17’ 22""";"E 26° 32’ 34"""
Ф-20251;Жанича;Zhanycha;урочище;Хмельницька обл.;р-н Шепетівський;"N 50° 19’ 0""";"E 27° 20’ 53"""
Ф-20288;Забіляни;Zabiliany;урочище;Хмельницька обл.;р-н Городоцький;"N 49° 13’ 22""";"E 26° 21’ 32"""
Ф-203;Хомора;Khomora;річка;Хмельницька обл., Житомирська обл.;;"N 50° 13’ 32""";"E 27° 39’ 12"""
Ф-20311;Діброва;Dibrova;урочище;Хмельницька обл.;р-н Полонський;"N 49° 55’ 52""";"E 27° 18’ 33"""
Ф-20338;Качанове;Kachanove;урочище;Хмельницька обл.;р-н Городоцький;"N 49° 16’ 8""";"E 26° 22’ 6"""
Ф-21037;Голубєв;Holubiev;урочище;Хмельницька обл.;р-н Летичівський;"N 49° 29’ 24""";"E 27° 45’ 47"""
Ф-21187;Жеребині Лози;Zherebyni Lozy;урочище;Хмельницька обл.;р-н Полонський;"N 50° 0’ 41""";"E 27° 26’ 16"""
Ф-21188;Жеребки;Zherebky;урочище;Хмельницька обл.;р-н Старокостянтинівський;"N 49° 38’ 35""";"E 27° 16’ 10"""
Ф-21254;Говорський Ліс;Hovorskyi Lis;урочище;Хмельницька обл.;р-н Віньковецький;"N 48° 57’ 11""";"E 27° 24’ 2"""
Ф-21335;Грабник;Hrabnyk;урочище;Хмельницька обл.;р-н Городоцький;"N 49° 18’ 26""";"E 26° 19’ 58"""
Ф-21397;Грабове;Hrabove;урочище;Хмельницька обл.;р-н Полонський;"N 50° 13’ 6""";"E 27° 27’ 16"""
Ф-21472;Гнатківський Ліс;Hnatkivskyi Lis;урочище;Хмельницька обл.;р-н Старокостянтинівський;"N 49° 39’ 42""";"E 27° 21’ 58"""
Ф-21699;Гуманне;Humanne;урочище;Хмельницька обл.;р-н Новоушицький;"N 48° 48’ 30""";"E 27° 20’ 44"""
Ф-22082;Майдан;Maidan;урочище;Хмельницька обл.;р-н Шепетівський;"N 50° 16’ 41""";"E 27° 11’ 2"""
Ф-22464;Лаборівка;Laborivka;балка;Хмельницька обл.;р-н Деражнянський;"N 49° 14’ 18""";"E 27° 32’ 34"""
Ф-22669;Копаньки;Kopanky;урочище;Хмельницька обл.;р-н Старокостянтинівський;"N 49° 45’ 46""";"E 27° 33’ 23"""
Ф-23115;Кураж;Kurazh;урочище;Хмельницька обл.;р-н Славутський;"N 50° 28’ 24""";"E 26° 45’ 56"""
Ф-23116;Курачин;Kurachyn;урочище;Хмельницька обл.;р-н Ярмолинецький;"N 49° 11’ 30""";"E 27° 7’ 46"""
Ф-23167;Ізабелине;Izabelyne;урочище;Хмельницька обл.;р-н Полонський;"N 50° 8’ 0""";"E 27° 37’ 15"""
Ф-23335;Казенна Дача;Kazenna Dacha;урочище;Хмельницька обл.;р-н Летичівський;"N 49° 15’ 16""";"E 27° 44’ 11"""
Ф-23506;Крижова Буда;Kryzhova Buda;урочище;Хмельницька обл.;р-н Шепетівський;"N 50° 16’ 12""";"E 27° 8’ 17"""
Ф-23802;Корчівка;Korchivka;урочище;Хмельницька обл.;р-н Новоушицький;"N 48° 48’ 4""";"E 27° 16’ 4"""
Ф-24072;Заруб;Zarub;урочище;Хмельницька обл.;р-н Полонський;"N 50° 1’ 24""";"E 27° 24’ 36"""
Ф-24117;Косинщина;Kosynshchyna;урочище;Хмельницька обл.;р-н Шепетівський;"N 50° 15’ 14""";"E 27° 22’ 7"""
Ф-24271;Ковтун;Kovtun;урочище;Хмельницька обл.;р-н Дунаєвецький;"N 48° 52’ 30""";"E 27° 3’ 47"""
Ф-24421;Маневе;Maneve;урочище;Хмельницька обл.;р-н Деражнянський;"N 49° 11’ 59""";"E 27° 32’ 19"""
Ф-24636;Малинове Господарство;Malynove Hospodarstvo;урочище;Хмельницька обл.;р-н Славутський;"N 50° 27’ 0""";"E 27° 15’ 47"""
Ф-24650;Мизорія;Myzoriia;урочище;Хмельницька обл.;Нетішинська міськрада;"N 50° 16’ 28""";"E 26° 37’ 13"""
Ф-24819;Михайлюкове;Mykhailiukove;урочище;Хмельницька обл.;р-н Деражнянський;"N 49° 13’ 1""";"E 27° 44’ 2"""
Ф-24820;Михайлючка;Mykhailiuchka;урочище;Хмельницька обл.;р-н Шепетівський;"N 50° 14’ 35""";"E 27° 17’ 5"""
Ф-24998;Нижня Грота;Nyzhnia Hrota;печера;Хмельницька обл.;р-н Новоушицький;"N 48° 41’ 53""";"E 27° 5’ 3"""
Ф-25105;Новаки;Novaky;урочище;Хмельницька обл.;р-н Полонський;"N 50° 16’ 31""";"E 27° 24’ 4"""
Ф-25127;Неруж;Neruzh;урочище;Хмельницька обл.;р-н Красилівський;"N 49° 33’ 40""";"E 27° 7’ 44"""
Ф-25277;Мальованська Дача;Malovanska Dacha;урочище;Хмельницька обл.;р-н Шепетівський;"N 50° 9’ 34""";"E 27° 19’ 46"""
Ф-25610;Ліс Морозівський;Lis Morozivskyi;урочище;Хмельницька обл.;р-н Дунаєвецький;"N 48° 58’ 2""";"E 27° 2’ 43"""
Ф-25611;Ліс Морозівський;Lis Morozivskyi;урочище;Хмельницька обл.;р-н Старокостянтинівський;"N 49° 36’ 33""";"E 27° 17’ 55"""
Ф-25616;Ліс Самчинецький;Lis Samchynetskyi;урочище;Хмельницька обл.;р-н Старокостянтинівський;"N 49° 34’ 35""";"E 27° 20’ 28"""
Ф-25640;Липники;Lypnyky;урочище;Хмельницька обл.;р-н Полонський;"N 50° 1’ 13""";"E 27° 27’ 51"""
Ф-26018;Маркова Гребля;Markova Hreblia;урочище;Хмельницька обл.;р-н Шепетівський;"N 50° 11’ 40""";"E 27° 0’ 22"""
Ф-26091;Місюрівський Лісок;Misiurivskyi Lisok;урочище;Хмельницька обл.;р-н Старосинявський;"N 49° 37’ 27""";"E 27° 35’ 30"""
Ф-26178;Максимець;Maksymets;урочище;Хмельницька обл.;р-н Ярмолинецький;"N 49° 13’ 33""";"E 27° 0’ 59"""
Ф-2623;Південний Буг;Pivdennyi Buh;річка;"Хмельницька обл., Вінницька обл.,
Кіровоградська обл., Одеська обл.,
Миколаївська обл.";;"N 46° 55’ 30""";"E 32° 0’ 40"""
Ф-26404;Лопатине;Lopatyne;урочище;Хмельницька обл.;р-н Віньковецький;"N 49° 0’ 31""";"E 27° 19’ 52"""
Ф-26580;Ліснівщина;Lisnivshchyna;урочище;Хмельницька обл.;р-н Шепетівський;"N 50° 15’ 58""";"E 27° 20’ 57"""
Ф-26591;Лісок;Lisok;урочище;Хмельницька обл.;р-н Полонський;"N 50° 5’ 48""";"E 27° 17’ 53"""
Ф-26651;Лісок;Lisok;урочище;Хмельницька обл.;р-н Полонський;"N 50° 2’ 59""";"E 27° 27’ 7"""
Ф-26663;Лятецький Ставок;Liatetskyi Stavok;урочище;Хмельницька обл.;р-н Старосинявський;"N 49° 33’ 5""";"E 27° 43’ 10"""
Ф-26751;Ладигінська Дубина;Ladyhinska Dubyna;урочище;Хмельницька обл.;р-н Старокостянтинівський;"N 49° 44’ 19""";"E 27° 30’ 31"""
Ф-26856;Поташня;Potashnia;урочище;Хмельницька обл.;р-н Городоцький;"N 49° 10’ 21""";"E 26° 14’ 4"""
Ф-27459;Побой;Poboi;урочище;Хмельницька обл.;р-н Ізяславський;"N 50° 5’ 26""";"E 26° 50’ 15"""
Ф-27774;Пеньки;Penky;урочище;Хмельницька обл.;р-н Красилівський;"N 49° 53’ 40""";"E 26° 44’ 30"""
Ф-27787;Підзайчиком;Pidzaichykom;урочище;Хмельницька обл.;р-н Красилівський;"N 49° 44’ 19""";"E 26° 41’ 17"""
Ф-27802;Руда;Ruda;урочище;Хмельницька обл.;р-н Новоушицький;"N 48° 48’ 4""";"E 27° 15’ 1"""
Ф-27896;Ріжок;Rizhok;урочище;Хмельницька обл.;р-н Городоцький;"N 49° 10’ 42""";"E 26° 24’ 57"""
Ф-27965;Садки;Sadky;урочище;Хмельницька обл.;р-н Дунаєвецький;"N 48° 51’ 25""";"E 27° 4’ 11"""
Ф-28150;Ольшани;Olshany;урочище;Хмельницька обл.;р-н Волочиський;"N 49° 36’ 4""";"E 26° 15’ 48"""
Ф-28202;Пасічне;Pasichne;урочище;Хмельницька обл.;р-н Старокостянтинівський;"N 49° 43’ 20""";"E 27° 31’ 12"""
Ф-28225;Пересівна;Peresivna;урочище;Хмельницька обл.;р-н Новоушицький;"N 48° 48’ 54""";"E 27° 21’ 53"""
Ф-2861;Корчик;Korchyk;річка;Хмельницька обл.;;"N 50° 26’ 40""";"E 26° 52’ 42"""
Ф-2863;Тростянка;Trostianka;річка;Хмельницька обл.;;"N 50° 2’ 25""";"E 26° 31’ 6"""
Ф-2866;Святе;Sviate;озеро;Хмельницька обл.;р-н Ізяславський;"N 50° 13’ 8""";"E 26° 50’ 20"""
Ф-2869;Сошенька;Soshenka;річка;Хмельницька обл.;;"N 50° 17’ 5""";"E 26° 48’ 55"""
Ф-2879;Конотопи;Konotopy;річка;Хмельницька обл.;;"N 50° 13’ 33""";"E 27° 20’ 48"""
Ф-28807;Передняк;Peredniak;урочище;Хмельницька обл.;р-н Красилівський;"N 49° 41’ 17""";"E 26° 49’ 51"""
Ф-2885;Лизня;Lyznia;річка;Хмельницька обл.;;"N 50° 9’ 8""";"E 27° 27’ 28"""
Ф-2888;Хоморець;Khomorets;річка;Хмельницька обл.;;"N 50° 9’ 21""";"E 27° 31’ 21"""
Ф-28893;Палаци;Palatsy;урочище;Хмельницька обл.;р-н Полонський;"N 50° 2’ 27""";"E 27° 24’ 31"""
Ф-2890;Гуска;Huska;річка;Хмельницька обл.;;"N 50° 15’ 10""";"E 26° 56’ 21"""
Ф-2893;Скрипівка;Skrypivka;річка;Хмельницька обл.;;"N 50° 2’ 20""";"E 27° 25’ 15"""
Ф-2895;Уляни;Uliany;річка;Хмельницька обл.;;"N 49° 55’ 3""";"E 26° 23’ 10"""
Ф-2897;Ікопоть;Ikopot;річка;Хмельницька обл.;;"N 49° 45’ 43""";"E 27° 13’ 53"""
Ф-2901;Коритниця;Korytnytsia;річка;Хмельницька обл.;;"N 49° 46’ 28""";"E 27° 25’ 41"""
Ф-2906;Бовванець;Bovvanets;річка;Хмельницька обл., Тернопільська обл.;;"N 49° 28’ 40""";"E 26° 11’ 10"""
Ф-2908;Попівка;Popivka;річка;Хмельницька обл., Житомирська обл.;;"N 49° 50’ 49""";"E 27° 37’ 40"""
Ф-2909;Жилка;Zhylka;річка;Хмельницька обл.;;"N 49° 47’ 50""";"E 27° 34’ 5"""
Ф-2915;Ушука;Ushuka;річка;Хмельницька обл., Тернопільська обл.;;"N 49° 18’ 1""";"E 26° 15’ 12"""
Ф-2916;Сквиля;Skvylia;річка;Хмельницька обл.;;"N 49° 16’ 10""";"E 26° 30’ 59"""
Ф-2920;Ушиця;Ushytsia;річка;Хмельницька обл., Чернівецька обл.;;"N 48° 34’ 46""";"E 27° 8’ 13"""
Ф-29212;Панасівка;Panasivka;урочище;Хмельницька обл.;р-н Старосинявський;"N 49° 38’ 25""";"E 27° 28’ 1"""
Ф-29353;Синова гора;Synova hora;пагорб;Хмельницька обл.;р-н Шепетівський;"N 50° 4’ 24""";"E 27° 1’ 58"""
Ф-29354;Синожатій;Synozhatii;урочище;Хмельницька обл.;р-н Ізяславський;"N 50° 10’ 1""";"E 26° 47’ 17"""
Ф-29381;Трихове;Trykhove;урочище;Хмельницька обл.;р-н Новоушицький;"N 48° 48’ 34""";"E 27° 16’ 43"""
Ф-29393;Тростянець;Trostianets;урочище;Хмельницька обл.;р-н Шепетівський;"N 49° 57’ 57""";"E 27° 16’ 13"""
Ф-29510;Стінка;Stinka;урочище;Хмельницька обл.;р-н Ізяславський;"N 50° 8’ 47""";"E 26° 47’ 11"""
Ф-2952;Студениця;Studenytsia;річка;Хмельницька обл.;;"N 48° 34’ 40""";"E 26° 55’ 10"""
Ф-2953;Баговиця;Bahovytsia;річка;Хмельницька обл.;;"N 48° 35’ 12""";"E 26° 44’ 30"""
Ф-2955;Новоставці;Novostavtsi;озеро;Хмельницька обл.;р-н Летичівський;"N 49° 28’ 1""";"E 27° 21’ 15"""
Ф-2961;Жванчик;Zhvanchyk;річка;Хмельницька обл.;;"N 48° 32’ 53""";"E 26° 29’ 1"""
Ф-2962;Муха;Mukha;річка;Хмельницька обл.;;"N 49° 5’ 50""";"E 26° 12’ 20"""
Ф-2967;Мукша;Mursha;річка;Хмельницька обл.;;"N 48° 34’ 20""";"E 26° 43’ 10"""
Ф-2969;Тернава;Ternava;річка;Хмельницька обл.;;"N 48° 36’ 30""";"E 26° 47’ 30"""
Ф-2976;Матірка;Matirka;річка;Хмельницька обл., Вінницька обл.;;"N 48° 37’ 55""";"E 27° 22’ 38"""
Ф-29775;Таращан;Tarashchan;урочище;Хмельницька обл.;р-н Новоушицький;"N 48° 43’ 11""";"E 27° 23’ 36"""
Ф-2983;Кіззя;Kizzia;річка;Хмельницька обл., Тернопільська обл.;;"N 48° 35’ 53""";"E 26° 19’ 50"""
Ф-29846;Татарисько;Tatarysko;урочище;Хмельницька обл.;р-н Новоушицький;"N 48° 46’ 23""";"E 27° 18’ 57"""
Ф-30043;Салівка;Salivka;урочище;Хмельницька обл.;р-н Білогірський;"N 50° 2’ 7""";"E 26° 13’ 21"""
Ф-30149;Царівщина;Tsarivshchyna;урочище;Хмельницька обл.;р-н Старосинявський;"N 49° 36’ 5""";"E 27° 41’ 59"""
Ф-30257;Чагорі;Chahori;урочище;Хмельницька обл.;р-н Полонський;"N 49° 57’ 12""";"E 27° 24’ 44"""
Ф-31014;Станіславка;Stanislavka;урочище;Хмельницька обл.;р-н Ізяславський;"N 50° 14’ 27""";"E 26° 30’ 53"""
Ф-31272;Попова Долина;Popova Dolyna;урочище;Хмельницька обл.;р-н Летичівський;"N 49° 18’ 20""";"E 27° 41’ 42"""
Ф-31360;Свиршківці;Svyrshkivtsi;урочище;Хмельницька обл.;р-н Чемеровецький;"N 49° 2’ 16""";"E 26° 25’ 19"""
Ф-31572;Погоня;Pohonia;урочище;Хмельницька обл.;р-н Новоушицький;"N 48° 47’ 3""";"E 27° 20’ 59"""
Ф-31666;Свірж;Svirzh;урочище;Хмельницька обл.;р-н Городоцький;"N 49° 9’ 31""";"E 26° 30’ 12"""
Ф-31728;Чорне;Chorne;урочище;Хмельницька обл.;р-н Ізяславський;"N 49° 59’ 17""";"E 26° 49’ 37"""
Ф-31809;Червенщина;Chervenshchyna;урочище;Хмельницька обл.;р-н Старосинявський;"N 49° 34’ 5""";"E 27° 31’ 2"""
Ф-31909;Яр Попильце;Yar Popyltse;урочище;Хмельницька обл.;р-н Деражнянський;"N 49° 15’ 58""";"E 27° 40’ 8"""
Ф-31971;Чорний Ліс;Chornyi Lis;урочище;Хмельницька обл.;р-н Красилівський;"N 49° 40’ 5""";"E 26° 42’ 36"""
Ф-32721;Улянівка;Ulianivka;урочище;Хмельницька обл.;р-н Деражнянський;"N 49° 13’ 14""";"E 27° 35’ 28"""
Ф-32753;Чернянське;Chernianske;урочище;Хмельницька обл.;р-н Чемеровецький;"N 48° 57’ 58""";"E 26° 26’ 17"""
Ф-33661;Тавтра;Tavtra;гора;Хмельницька обл.;р-н Чемеровецький;"N 49° 6’ 49""";"E 26° 15’ 33"""
Ф-33721;Хмелівка;Khmelivka;урочище;Хмельницька обл.;р-н Шепетівський;"N 50° 17’ 24""";"E 27° 21’ 36"""
Ф-33773;Явин;Yavyn;урочище;Хмельницька обл.;р-н Кам'янець-Подільський;"N 48° 33’ 39""";"E 26° 23’ 41"""
Ф-33791;Широка Річка;Shyroka Richka;урочище;Хмельницька обл.;р-н Красилівський;"N 49° 43’ 25""";"E 26° 43’ 5"""
Ф-34334;Щедрівське;Shchedrivske;водосховище;Хмельницька обл.;р-н Летичівський;"N 49° 24’ 4""";"E 27° 34’ 23"""
Ф-35000;Вовк;Vovk;долина;Хмельницька обл.;р-н Хмельницький;"N 49° 19’ 41""";"E 27° 9’ 25"""
Ф-35001;Парк-Дубина;Park-Dubyna;урочище;Хмельницька обл.;"р-н Віньковецький, р-н
Новоушицький";"N 48° 55’ 41""";"E 27° 18’ 16"""
Ф-35002;Червона Вигода;Chervona Vyhoda;урочище;Хмельницька обл.;"р-н Білогірський, р-н
Теофіпольський";"N 49° 53’ 15""";"E 26° 19’ 7"""
Ф-3692;Бензюрівка;Benziurivka;річка;Хмельницька обл.;;"N 50° 2’ 55""";"E 26° 31’ 35"""
Ф-3693;Мислятинське;Mysliatynske;водосховище;Хмельницька обл.;р-н Ізяславський;"N 50° 5’ 30""";"E 26° 40’ 28"""
Ф-3694;Цмівка;Tsmivka;річка;Хмельницька обл.;;"N 50° 17’ 27""";"E 27° 22’ 40"""
Ф-3695;Новачка;Novachka;річка;Хмельницька обл., Житомирська обл.;;"N 50° 17’ 45""";"E 27° 22’ 51"""
Ф-3696;Канава;Kanava;річка;Хмельницька обл.;;"N 50° 14’ 5""";"E 27° 1’ 12"""
Ф-3697;Жуківка;Zhukivka;річка;Хмельницька обл.;;"N 50° 9’ 15""";"E 27° 31’ 20"""
Ф-3698;Топило;Topylo;озеро;Хмельницька обл.;р-н Полонський;"N 50° 1’ 20""";"E 27° 35’ 55"""
Ф-3701;Свята Криниця;Sviata Krynytsia;джерело;Хмельницька обл.;р-н Білогірський;"N 49° 58’ 0""";"E 26° 11’ 18"""
Ф-3702;Калинівка;Kalynivka;річка;Хмельницька обл.;;"N 49° 57’ 28""";"E 26° 14’ 42"""
Ф-3706;Мшанецька Руда;Mshanetska Ruda;річка;Хмельницька обл.;;"N 49° 46’ 20""";"E 27° 36’ 30"""
Ф-3708;Гусак;Husak;річка;Хмельницька обл.;;"N 49° 47’ 35""";"E 27° 34’ 42"""
Ф-3709;Синеєве;Syneieve;озеро;Хмельницька обл.;р-н Летичівський;"N 49° 24’ 27""";"E 27° 44’ 32"""
Ф-3711;Біла Криниця;Bila Krynytsia;річка;Хмельницька обл.;;"N 49° 8’ 13""";"E 26° 33’ 50"""
Ф-3713;Гнила;Hnyla;річка;Хмельницька обл.;;"N 49° 29’ 38""";"E 27° 18’ 29"""
Ф-3715;Гулянка;Hulianka;річка;Хмельницька обл.;;"N 49° 33’ 12""";"E 27° 3’ 45"""
Ф-3716;Батяг;Batiah;потік;Хмельницька обл.;;"N 48° 51’ 2""";"E 26° 31’ 32"""
Ф-3717;Голова;Holova;річка;Хмельницька обл.;;"N 48° 38’ 58""";"E 26° 56’ 58"""
Ф-3718;Руска;Ruska;річка;Хмельницька обл.;;"N 48° 36’ 33""";"E 26° 56’ 45"""
Ф-3719;Гниловодка;Hnylovodka;річка;Хмельницька обл.;;"N 48° 41’ 18""";"E 26° 47’ 25"""
Ф-3720;Брідок;Bridok;річка;Хмельницька обл.;;"N 48° 40’ 35""";"E 27° 1’ 2"""
Ф-3721;Балин;Balyn;річка;Хмельницька обл.;;"N 48° 44’ 15""";"E 27° 22’ 50"""
Ф-3722;Рудка;Rudka;річка;Хмельницька обл.;;"N 48° 40’ 0""";"E 26° 37’ 4"""
Ф-3766;Зубринець;Zubrynets;потік;Хмельницька обл.;;"N 47° 54’ 40""";"E 25° 15’ 15"""
Ф-3826;Шатава;Shatava;річка;Хмельницька обл.;;"N 48° 47’ 43""";"E 26° 39’ 8"""
Ф-39585;Стависько;Stavysko;болото;Хмельницька обл.;р-н Шепетівський;"N 50° 7’ 53""";"E 27° 1’ 34"""
Ф-39814;Чорний;Chornyi;ліс;Хмельницька обл.;р-н Ярмолинецький;"N 49° 12’ 17""";"E 26° 50’ 50"""
Ф-39815;Макарій;Makarii;ліс;Хмельницька обл.;р-н Городоцький;"N 49° 9’ 1""";"E 26° 33’ 12"""
Ф-39816;Висока Березина;Vysoka Berezyna;ліс;Хмельницька обл.;р-н Летичівський;"N 49° 18’ 47""";"E 27° 46’ 13"""
Ф-39817;Маричева;Marycheva;ліс;Хмельницька обл.;р-н Летичівський;"N 49° 18’ 16""";"E 27° 50’ 46"""
Ф-39818;Луговий;Luhovyi;ліс;Хмельницька обл.;р-н Летичівський;"N 49° 17’ 4""";"E 27° 51’ 13"""
Ф-39819;Грабарка;Hrabarka;ліс;Хмельницька обл.;р-н Летичівський;"N 49° 15’ 48""";"E 27° 46’ 13"""
Ф-40240;Берізник;Beriznyk;ліс;Хмельницька обл.;р-н Славутський;"N 50° 30’ 3""";"E 27° 15’ 2"""
Ф-40366;Бабина гора;Babyna hora;ліс;Хмельницька обл.;р-н Ізяславський;"N 50° 5’ 29""";"E 26° 51’ 2"""
Ф-40429;Бабино;Babyno;ліс;Хмельницька обл.;Нетішинська міськрада;"N 50° 20’ 42""";"E 26° 39’ 59"""
Ф-40791;Безодня;Bezodnia;болото;Хмельницька обл.;р-н Шепетівський;"N 50° 9’ 41""";"E 27° 0’ 18"""
Ф-40884;Лісосмуга;Lisosmuha;ліс;Хмельницька обл.;р-н Славутський;"N 50° 21’ 21""";"E 26° 52’ 54"""
Ф-41424;Отрадна;Otradna;ліс;Хмельницька обл.;р-н Ізяславський;"N 50° 16’ 38""";"E 26° 31’ 32"""
Ф-41501;Василева буда;Vasyleva buda;ліс;Хмельницька обл.;р-н Ізяславський;"N 50° 9’ 36""";"E 26° 45’ 53"""
Ф-41636;Мурин;Muryn;ліс;Хмельницька обл.;р-н Ізяславський;"N 50° 18’ 22""";"E 26° 31’ 34"""
Ф-42085;Погоріле;Pohorile;ліс;Хмельницька обл.;р-н Славутський;"N 50° 15’ 51""";"E 26° 46’ 41"""
Ф-42237;Джерельце;Dzhereltse;ліс;Хмельницька обл.;р-н Славутський;"N 50° 18’ 38""";"E 26° 54’ 27"""
Ф-42450;Піддубицька;Piddubytska;ліс;Хмельницька обл.;р-н Славутський;"N 50° 22’ 24""";"E 26° 51’ 59"""
Ф-42750;Дубівка;Dubivka;ліс;Хмельницька обл.;р-н Славутський;"N 50° 16’ 25""";"E 26° 52’ 32"""
Ф-43251;Пузирецький ліс;Puzyretskyi lis;ліс;Хмельницька обл.;р-н Славутський;"N 50° 24’ 52""";"E 26° 56’ 46"""
Ф-43484;Танкова гірка;Tankova hirka;ліс;Хмельницька обл.;р-н Славутський;"N 50° 15’ 48""";"E 26° 54’ 54"""
Ф-43595;Сосняк;Sosniak;ліс;Хмельницька обл.;р-н Славутський;"N 50° 14’ 16""";"E 26° 54’ 33"""
Ф-43674;Посадка;Posadka;ліс;Хмельницька обл.;р-н Славутський;"N 50° 24’ 1""";"E 26° 53’ 48"""
Ф-44481;Ярі;Yari;ліс;Хмельницька обл.;р-н Ізяславський;"N 50° 11’ 6""";"E 26° 48’ 21"""
Ф-44855;Чорний ліс;Chornyi lis;ліс;Хмельницька обл.;р-н Славутський;"N 50° 32’ 21""";"E 26° 53’ 58"""
Ф-46075;Любительський;Liubytelskyi;ставок;Хмельницька обл.;р-н Шепетівський;"N 50° 8’ 48""";"E 26° 59’ 56"""
