Реєстраційний номер	Унормована назва	Унормована назва латиницею	Вид географічного об'єкту	Адміністративно- територіальна одиниця (АР Крим, область)	Район	Широта	Довгота
Ф-12916	Граура	Hraura	балка	Миколаївська обл.	р-н Первомайський	"N 48° 8’ 50"""	"E 31° 9’ 15"""
Ф-12923	Лісковицька	Liskovytska	балка	Миколаївська обл.	р-н Доманівський	"N 47° 43’ 30"""	"E 30° 58’ 10"""
Ф-12929	Чартала	Chartala	балка	Миколаївська обл.	р-н Доманівський	"N 47° 41’ 35"""	"E 30° 50’ 18"""
Ф-12940	Поперечный Яр	Poperechnyi Yar	балка	Миколаївська обл.	р-н Доманівський	"N 47° 41’ 5"""	"E 30° 58’ 55"""
Ф-12943	Штиль	Shtyl	гора	Миколаївська обл.	р-н Арбузинський	"N 47° 59’ 50"""	"E 31° 17’ 24"""
Ф-12951	Козина	Kozyna	балка	Миколаївська обл.	р-н Арбузинський	"N 47° 57’ 25"""	"E 31° 22’ 15"""
Ф-12979	Лопатова	Lopatova	балка	Миколаївська обл.	р-н Арбузинський	"N 47° 52’ 10"""	"E 31° 14’ 55"""
Ф-12981	Кам'яна	Kamiana	балка	Миколаївська обл.	р-н Доманівський	"N 47° 50’ 50"""	"E 31° 2’ 50"""
Ф-12994	Перепелицина	Perepelytsyna	балка	Миколаївська обл.	р-н Доманівський	"N 47° 48’ 0"""	"E 31° 5’ 30"""
Ф-13000	Зелений Яр	Zelenyi Yar	балка	Миколаївська обл.	р-н Доманівський	"N 47° 46’ 30"""	"E 31° 7’ 50"""
Ф-13015	Солона	Solona	балка	Миколаївська обл.	р-н Братський	"N 47° 46’ 40"""	"E 31° 29’ 40"""
Ф-13020	Соловки	Solovky	балка	Миколаївська обл.	р-н Доманівський	"N 47° 44’ 10"""	"E 31° 3’ 16"""
Ф-13024	Чубарівка	Chubarivka	балка	Миколаївська обл.	р-н Доманівський	"N 47° 44’ 0"""	"E 31° 6’ 40"""
Ф-13027	Вовченко	Vovchenko	балка	Миколаївська обл.	р-н Вознесенський	"N 47° 41’ 50"""	"E 31° 24’ 55"""
Ф-13232	Злодійка	Zlodiika	балка	Миколаївська обл.	р-н Вознесенський	"N 47° 40’ 45"""	"E 31° 21’ 9"""
Ф-13252	Верещі	Vereshchi	балка	Миколаївська обл.	р-н Братський	"N 47° 46’ 40"""	"E 31° 33’ 45"""
Ф-13258	Сьомкіна	Somkina	балка	Миколаївська обл.	р-н Єланецький	"N 47° 46’ 50"""	"E 31° 54’ 30"""
Ф-13269	Журавлина	Zhuravlyna	балка	Миколаївська обл.	р-н Братський	"N 47° 45’ 40"""	"E 31° 33’ 15"""
Ф-13283	Панська	Panska	балка	Миколаївська обл.	р-н Братський	"N 47° 46’ 5"""	"E 31° 40’ 0"""
Ф-13290	Третя	Tretia	балка	Миколаївська обл.	р-н Братський	"N 47° 44’ 40"""	"E 31° 32’ 5"""
Ф-13300	Крутий Яр	Krutyi Yar	балка	Миколаївська обл.	р-н Братський, р-н Вознесенський	"N 47° 44’ 10"""	"E 31° 39’ 5"""
Ф-13304	Середня	Seredna	балка	Миколаївська обл.	р-н Єланецький	"N 47° 43’ 30"""	"E 31° 53’ 5"""
Ф-13328	Гаєвська	Haievska	балка	Миколаївська обл.	р-н Єланецький	"N 47° 42’ 45"""	"E 31° 53’ 40"""
Ф-13331	Шутова	Shutova	балка	Миколаївська обл.	р-н Вознесенський	"N 47° 40’ 30"""	"E 31° 32’ 30"""
Ф-13333	Сагайдак	Sahaidak	балка	Миколаївська обл.	р-н Новобузький	"N 47° 45’ 8"""	"E 32° 25’ 40"""
Ф-13336	Чайкина-Могила	Chaikyna-Mohyla	гора	Миколаївська обл.	р-н Єланецький	"N 47° 45’ 0"""	"E 32° 11’ 14"""
Ф-13347	Водинська	Vodynska	балка	Миколаївська обл.	р-н Єланецький	"N 47° 43’ 10"""	"E 32° 0’ 40"""
Ф-13348	Каламурза	Kalamurza	балка	Миколаївська обл.	р-н Новобузький	"N 47° 43’ 38"""	"E 32° 19’ 52"""
Ф-13349	Полохлива	Polokhlyva	долина	Миколаївська обл.	р-н Єланецький, р-н Новобузький	"N 47° 43’ 20"""	"E 32° 12’ 55"""
Ф-13350	Богодушна	Bohodushna	балка	Миколаївська обл.	р-н Єланецький	"N 47° 41’ 55"""	"E 32° 5’ 15"""
Ф-13357	Кринична	Krynychna	балка	Миколаївська обл.	р-н Новобузький	"N 47° 40’ 45"""	"E 32° 19’ 18"""
Ф-13360	Сагайдак	Sahaidak	балка	Миколаївська обл., Кіровоградська обл.		"N 47° 52’ 0"""	"E 32° 42’ 5"""
Ф-13362	Лозова	Lozova	балка	Миколаївська обл.	р-н Казанківський	"N 47° 46’ 10"""	"E 32° 55’ 10"""
Ф-13365	Чабанка	Chabanka	балка	Миколаївська обл.	р-н Казанківський	"N 47° 42’ 32"""	"E 32° 48’ 20"""
Ф-13371	Спірова	Spirova	балка	Миколаївська обл.	р-н Вознесенський	"N 47° 38’ 30"""	"E 31° 26’ 25"""
Ф-13382	Глибокий Яр	Hlybokyi Yar	балка	Миколаївська обл.	р-н Доманівський	"N 47° 35’ 35"""	"E 31° 5’ 35"""
Ф-13401	Новоананьїв	Novoananiv	балка	Миколаївська обл.	р-н Доманівський	"N 47° 34’ 25"""	"E 31° 8’ 45"""
Ф-13403	Ремекова	Remekova	балка	Миколаївська обл.	р-н Доманівський	"N 47° 33’ 40"""	"E 31° 3’ 20"""
Ф-13407	Глибока	Hlyboka	балка	Миколаївська обл.	р-н Доманівський	"N 47° 33’ 5"""	"E 31° 12’ 15"""
Ф-13415	Дилінська	Dylinska	балка	Миколаївська обл.	р-н Доманівський	"N 47° 32’ 55"""	"E 31° 13’ 40"""
Ф-13416	Глибока	Hlyboka	балка	Миколаївська обл.	р-н Доманівський	"N 47° 29’ 20"""	"E 31° 12’ 40"""
Ф-13420	Суха	Sukha	балка	Миколаївська обл.	р-н Вознесенський	"N 47° 27’ 55"""	"E 31° 6’ 15"""
Ф-13422	Вовча	Vovcha	балка	Миколаївська обл.	р-н Вознесенський	"N 47° 27’ 45"""	"E 31° 9’ 23"""
Ф-13433	Розірвана Гребля	Rozirvana Hreblia	балка	Миколаївська обл.	р-н Доманівський	"N 47° 26’ 25"""	"E 31° 1’ 15"""
Ф-13434	Попова	Popova	балка	Миколаївська обл.	р-н Доманівський	"N 47° 26’ 32"""	"E 31° 0’ 25"""
Ф-13441	Моісейкіна	Moiseykina	балка	Миколаївська обл.	р-н Доманівський	"N 47° 25’ 23"""	"E 31° 2’ 40"""
Ф-13446	Широка	Shyroka	балка	Миколаївська обл.	р-н Вознесенський	"N 47° 26’ 45"""	"E 31° 20’ 55"""
Ф-13449	Кринична	Krynychna	балка	Миколаївська обл.	р-н Вознесенський	"N 47° 26’ 45"""	"E 31° 21’ 50"""
Ф-13455	Шертівська	Shertivska	балка	Миколаївська обл.	"р-н Веселинівський, р-н
Доманівський"	"N 47° 25’ 0"""	"E 31° 3’ 30"""
Ф-13461	Кам'яна	Kamiana	балка	Миколаївська обл.	р-н Веселинівський	"N 47° 22’ 55"""	"E 31° 20’ 35"""
Ф-13473	Пташня	Ptashnia	балка	Миколаївська обл.	р-н Єланецький	"N 47° 37’ 30"""	"E 31° 47’ 50"""
Ф-13475	Скотувата	Skotuvata	балка	Миколаївська обл.	р-н Єланецький	"N 47° 36’ 15"""	"E 31° 44’ 55"""
Ф-13479	Рацина	Ratsyna	балка	Миколаївська обл.	р-н Вознесенський	"N 47° 32’ 30"""	"E 31° 33’ 5"""
Ф-13481	Щербанська	Shcherbanska	балка	Миколаївська обл.	р-н Вознесенський	"N 47° 32’ 30"""	"E 31° 41’ 45"""
Ф-13482	Свята	Sviata	гора	Миколаївська обл.	р-н Вознесенський	"N 47° 28’ 35"""	"E 31° 43’ 22"""
Ф-13483	Рошкувата	Roshkuvata	балка	Миколаївська обл.	р-н Новоодеський	"N 47° 28’ 35"""	"E 31° 55’ 35"""
Ф-13484	Горскіна	Horskina	балка	Миколаївська обл.	"р-н Вознесенський, р-н
Новоодеський"	"N 47° 26’ 15"""	"E 31° 36’ 15"""
Ф-13487	Загрієва	Zahriieva	балка	Миколаївська обл.	"р-н Вознесенський, р-н
Новоодеський"	"N 47° 26’ 25"""	"E 31° 38’ 15"""
Ф-13502	Кеколіча	Kekolicha	балка	Миколаївська обл.	р-н Новоодеський	"N 47° 23’ 50"""	"E 31° 39’ 25"""
Ф-13504	Вовча	Vovcha	балка	Миколаївська обл.	р-н Новоодеський	"N 47° 24’ 20"""	"E 31° 46’ 20"""
Ф-13519	Воливацька	Volyvatska	балка	Миколаївська обл.	р-н Новоодеський	"N 47° 22’ 35"""	"E 31° 50’ 25"""
Ф-13524	Ананьєва	Ananieva	балка	Миколаївська обл.	р-н Новоодеський	"N 47° 20’ 53"""	"E 31° 54’ 55"""
Ф-13541	Мазурацька	Mazuratska	балка	Миколаївська обл.	р-н Новоодеський	"N 47° 20’ 40"""	"E 31° 57’ 10"""
Ф-13544	Водяна	Vodiana	балка	Миколаївська обл.	р-н Єланецький	"N 47° 38’ 50"""	"E 32° 0’ 50"""
Ф-13547	Рогова	Rohova	балка	Миколаївська обл.	р-н Єланецький	"N 47° 32’ 5"""	"E 32° 3’ 55"""
Ф-13554	Березнегуватська	Bereznehuvatska	балка	Миколаївська обл.	р-н Єланецький, р-н Новобузький	"N 47° 38’ 30"""	"E 32° 11’ 25"""
Ф-13557	Куца	Kutsa	балка	Миколаївська обл.	р-н Новобузький	"N 47° 37’ 35"""	"E 32° 22’ 55"""
Ф-13558	Прусакова	Prusakova	балка	Миколаївська обл.	р-н Єланецький	"N 47° 34’ 5"""	"E 32° 2’ 0"""
Ф-13586	Орлова	Orlova	балка	Миколаївська обл.	р-н Єланецький	"N 47° 32’ 25"""	"E 32° 1’ 40"""
Ф-13591	Мішкова	Mishkova	балка	Миколаївська обл.	р-н Єланецький, р-н Новобузький	"N 47° 23’ 25"""	"E 32° 17’ 25"""
Ф-13594	Горожене	Horozhene	балка	Миколаївська обл.	р-н Новобузький	"N 47° 32’ 10"""	"E 32° 25’ 5"""
Ф-13600	Соби Робе	Sobi Robe	балка	Миколаївська обл.	р-н Баштанський	"N 47° 30’ 50"""	"E 32° 9’ 25"""
Ф-13618	Любарка	Liubarka	балка	Миколаївська обл.	р-н Баштанський	"N 47° 26’ 55"""	"E 32° 15’ 45"""
Ф-13619	Лозуватка	Lozuvatka	балка	Миколаївська обл.	р-н Баштанський	"N 47° 24’ 20"""	"E 32° 12’ 40"""
Ф-13622	Вовча	Vovcha	балка	Миколаївська обл.	р-н Баштанський	"N 47° 23’ 40"""	"E 32° 8’ 45"""
Ф-13623	Попова	Popova	балка	Миколаївська обл.	р-н Баштанський	"N 47° 21’ 55"""	"E 32° 19’ 45"""
Ф-13625	Кодима	Kodyma	балка	Миколаївська обл.	р-н Казанківський	"N 47° 38’ 50"""	"E 32° 47’ 15"""
Ф-13628	Шевцова	Shevtsova	балка	Миколаївська обл.	р-н Казанківський	"N 47° 38’ 30"""	"E 32° 53’ 20"""
Ф-13629	Добра	Dobra	балка	Миколаївська обл.	р-н Новобузький	"N 47° 35’ 20"""	"E 32° 41’ 30"""
Ф-13630	Широка	Shyroka	балка	Миколаївська обл.	р-н Березнегуватський	"N 47° 28’ 50"""	"E 32° 58’ 20"""
Ф-13632	Березнегувата	Bereznehuvata	балка	Миколаївська обл.	р-н Березнегуватський	"N 47° 24’ 5"""	"E 32° 52’ 12"""
Ф-13633	Добра	Dobra	балка	Миколаївська обл.	р-н Березнегуватський	"N 47° 21’ 45"""	"E 32° 46’ 50"""
Ф-13634	Гадюча	Hadiucha	балка	Миколаївська обл.	р-н Веселинівський	"N 47° 19’ 25"""	"E 31° 12’ 45"""
Ф-13636	Кобилянська	Kobylianska	балка	Миколаївська обл.	р-н Веселинівський	"N 47° 19’ 35"""	"E 31° 16’ 33"""
Ф-13642	Сосик	Sosyk	балка	Миколаївська обл.	р-н Веселинівський	"N 47° 9’ 30"""	"E 31° 19’ 50"""
Ф-13645	Городна	Horodna	балка	Миколаївська обл.	р-н Веселинівський	"N 47° 8’ 43"""	"E 31° 20’ 0"""
Ф-13646	Фонтанна	Fontanna	балка	Миколаївська обл.	р-н Миколаївський	"N 47° 6’ 48"""	"E 31° 28’ 20"""
Ф-13648	Долманівська	Dolmanivska	балка	Миколаївська обл.	р-н Миколаївський	"N 47° 5’ 46"""	"E 31° 26’ 33"""
Ф-13649	Кочакінська	Kochakinska	балка	Миколаївська обл.	р-н Миколаївський	"N 47° 3’ 35"""	"E 31° 25’ 55"""
Ф-13651	Анвандлівська	Anvandlivska	балка	Миколаївська обл.	р-н Миколаївський	"N 47° 3’ 30"""	"E 31° 27’ 5"""
Ф-13653	Іванівська	Ivanivska	балка	Миколаївська обл.	р-н Березанський	"N 47° 0’ 23"""	"E 31° 28’ 20"""
Ф-13660	Капустина	Kapustyna	балка	Миколаївська обл.	р-н Веселинівський	"N 47° 19’ 10"""	"E 31° 33’ 55"""
Ф-13661	Циганка	Tsyhanka	балка	Миколаївська обл.	р-н Новоодеський	"N 47° 18’ 20"""	"E 31° 54’ 18"""
Ф-13662	Глибока	Hlyboka	балка	Миколаївська обл.	р-н Миколаївський	"N 47° 17’ 15"""	"E 31° 38’ 0"""
Ф-13663	Толочанська	Tolochanska	балка	Миколаївська обл.	р-н Миколаївський	"N 47° 14’ 10"""	"E 31° 40’ 55"""
Ф-13664	Микитина	Mykytyna	балка	Миколаївська обл.	р-н Новоодеський	"N 47° 13’ 25"""	"E 31° 50’ 55"""
Ф-13665	Ананьєва	Ananieva	балка	Миколаївська обл.	р-н Новоодеський	"N 47° 11’ 15"""	"E 31° 57’ 10"""
Ф-13666	Калістровська	Kalistrovska	балка	Миколаївська обл.	р-н Миколаївський	"N 47° 6’ 30"""	"E 31° 30’ 42"""
Ф-13667	Фонтанна	Fontanna	балка	Миколаївська обл.	р-н Баштанський	"N 47° 19’ 10"""	"E 32° 10’ 45"""
Ф-13668	Кабачинська	Kabachynska	балка	Миколаївська обл.	р-н Баштанський	"N 47° 19’ 15"""	"E 32° 16’ 10"""
Ф-13682	Петрова	Petrova	балка	Миколаївська обл.	р-н Баштанський	"N 47° 17’ 10"""	"E 32° 16’ 20"""
Ф-13687	Сучковська	Suchkovska	балка	Миколаївська обл.	р-н Новоодеський	"N 47° 14’ 50"""	"E 32° 5’ 0"""
Ф-13693	Гречана	Hrechana	балка	Миколаївська обл.	р-н Баштанський	"N 47° 15’ 10"""	"E 32° 11’ 27"""
Ф-13705	Новоінгульска	Novoinhulska	балка	Миколаївська обл.	р-н Новоодеський	"N 47° 11’ 50"""	"E 32° 1’ 20"""
Ф-13716	Новоінгульска	Novoinhulska	балка	Миколаївська обл.	р-н Новоодеський	"N 47° 11’ 50"""	"E 32° 1’ 20"""
Ф-13718	Вовча	Vovcha	балка	Миколаївська обл.	р-н Новоодеський	"N 47° 11’ 40"""	"E 32° 4’ 0"""
Ф-13728	Мар'їнка	Mariinka	балка	Миколаївська обл.	р-н Баштанський	"N 47° 9’ 35"""	"E 32° 16’ 15"""
Ф-13730	Щербина	Shcherbyna	балка	Миколаївська обл.	р-н Жовтневий	"N 47° 8’ 45"""	"E 32° 18’ 10"""
Ф-13731	Іванівська	Ivanivska	балка	Миколаївська обл.	р-н Жовтневий	"N 47° 7’ 25"""	"E 32° 25’ 40"""
Ф-13732	Тернівка	Ternivka	балка	Миколаївська обл.	р-н Жовтневий	"N 47° 5’ 35"""	"E 32° 1’ 45"""
Ф-13733	Бурсова	Bursova	балка	Миколаївська обл.	р-н Березнегуватський	"N 47° 13’ 35"""	"E 32° 54’ 25"""
Ф-13796	Карабуш	Karabush	мис	Миколаївська обл.		"N 46° 36’ 36"""	"E 31° 15’ 32"""
Ф-13799	Ланцева Коса	Lantseva Kosa	коса	Миколаївська обл.		"N 46° 39’ 52"""	"E 31° 27’ 38"""
Ф-13800	Лагерна коса	Laherna kosa	коса	Миколаївська обл.		"N 46° 37’ 39"""	"E 31° 27’ 30"""
Ф-13802	Камишева коса	Kamysheva kosa	коса	Миколаївська обл.		"N 46° 38’ 9"""	"E 31° 21’ 11"""
Ф-13803	Березань	Berezan	острів	Миколаївська обл.		"N 46° 35’ 57"""	"E 31° 24’ 47"""
Ф-13805	Сакен	Saken	мис	Миколаївська обл.		"N 46° 39’ 28"""	"E 31° 54’ 24"""
Ф-13806	Сари-Комиш	Sary-Komysh	мис	Миколаївська обл.		"N 46° 38’ 7"""	"E 31° 53’ 8"""
Ф-13807	Аджигольська коса	Adzhyholska kosa	коса	Миколаївська обл.		"N 46° 37’ 8"""	"E 31° 48’ 47"""
Ф-13808	Очаківський	Ochakivskyi	мис	Миколаївська обл.		"N 46° 36’ 2"""	"E 31° 35’ 4"""
Ф-13809	Первомайський	Pervomaiskyi	острів	Миколаївська обл.		"N 46° 34’ 18"""	"E 31° 33’ 43"""
Ф-13810	Круглий	Kruhlyi	острів	Миколаївська обл.		"N 46° 25’ 40"""	"E 31° 43’ 33"""
Ф-13811	Довгий	Dovhyi	острів	Миколаївська обл.		"N 46° 23’ 40"""	"E 31° 45’ 23"""
Ф-13812	Кінбурнська коса	Kinburnska kosa	коса	Миколаївська обл., Херсонська обл.		"N 46° 29’ 54"""	"E 31° 49’ 2"""
Ф-13819	Письмова	Pysmova	балка	Миколаївська обл.	р-н Снігурівський	"N 47° 7’ 15"""	"E 32° 53’ 20"""
Ф-13821	Кринички	Krynychky	балка	Миколаївська обл.	р-н Снігурівський	"N 47° 6’ 35"""	"E 32° 49’ 55"""
Ф-13822	Веревчина	Verevchyna	балка	Миколаївська обл.	р-н Снігурівський	"N 47° 6’ 20"""	"E 32° 39’ 40"""
Ф-13824	Кулешова	Kuleshova	балка	Миколаївська обл.	р-н Снігурівський	"N 47° 4’ 21"""	"E 32° 53’ 40"""
Ф-13827	Стрілова	Strilova	балка	Миколаївська обл.	р-н Снігурівський	"N 47° 4’ 30"""	"E 32° 56’ 10"""
Ф-13829	Кішинка	Kishynka	балка	Миколаївська обл.	р-н Снігурівський	"N 47° 1’ 10"""	"E 32° 52’ 20"""
Ф-13834	Найдьонова	Naidonova	балка	Миколаївська обл.	р-н Березнегуватський	"N 47° 15’ 35"""	"E 33° 5’ 10"""
Ф-13838	Злодійка	Zlodiika	балка	Миколаївська обл.	р-н Березанський	"N 47° 57’ 50"""	"E 31° 6’ 50"""
Ф-13848	Валецаренська	Valetsarenska	балка	Миколаївська обл.	р-н Березанський	"N 46° 53’ 50"""	"E 31° 7’ 50"""
Ф-13850	Суха	Sukha	балка	Миколаївська обл.	р-н Березанський	"N 46° 53’ 50"""	"E 31° 12’ 50"""
Ф-13852	Атаманка	Atamanka	балка	Миколаївська обл.	р-н Березанський	"N 46° 51’ 45"""	"E 31° 8’ 50"""
Ф-13854	Суха	Sukha	балка	Миколаївська обл.	р-н Березанський	"N 46° 50’ 30"""	"E 31° 12’ 55"""
Ф-13856	Хутірська	Khutirska	балка	Миколаївська обл.	р-н Березанський	"N 46° 50’ 35"""	"E 31° 14’ 50"""
Ф-13859	Чабанова	Chabanova	балка	Миколаївська обл.	р-н Березанський	"N 46° 46’ 40"""	"E 31° 13’ 15"""
Ф-13861	Малинова	Malynova	балка	Миколаївська обл.	р-н Березанський	"N 46° 47’ 20"""	"E 31° 28’ 40"""
Ф-13864	Глибокий Яр	Hlybokyi Yar	балка	Миколаївська обл.	р-н Березанський	"N 46° 43’ 10"""	"E 31° 24’ 35"""
Ф-13874	Славкіна	Slavkina	балка	Миколаївська обл.	р-н Миколаївський	"N 46° 58’ 20"""	"E 31° 34’ 41"""
Ф-13877	Турчанівсько-Березанська	Turchanivsko-Berezanska	балка	Миколаївська обл.	р-н Миколаївський	"N 46° 58’ 2"""	"E 31° 36’ 58"""
Ф-13879	Тернова	Ternova	балка	Миколаївська обл.	р-н Березанський	"N 46° 49’ 0"""	"E 31° 33’ 15"""
Ф-13883	Барановська	Baranova	балка	Миколаївська обл.	р-н Очаківський	"N 46° 48’ 2"""	"E 31° 38’ 0"""
Ф-13884	Кільчен	Kilchen	балка	Миколаївська обл.	р-н Березанський	"N 46° 48’ 15"""	"E 31° 30’ 40"""
Ф-13886	Чабанка	Chabanka	балка	Миколаївська обл.	р-н Березанський	"N 46° 47’ 10"""	"E 31° 31’ 52"""
Ф-13902	Чабанська	Chabanska	балка	Миколаївська обл.	р-н Очаківський	"N 46° 41’ 50"""	"E 31° 34’ 20"""
Ф-13909	Ковакін	Kovakin	балка	Миколаївська обл.	р-н Очаківський	"N 46° 42’ 5"""	"E 31° 35’ 20"""
Ф-13911	Аджигольська	Adzhyholska	балка	Миколаївська обл.	р-н Очаківський	"N 46° 42’ 0"""	"E 31° 48’ 2"""
Ф-13913	Козина	Kozyna	балка	Миколаївська обл.	р-н Очаківський	"N 46° 40’ 20"""	"E 31° 47’ 20"""
Ф-13946	Драна	Drana	балка	Миколаївська обл.	р-н Снігурівський	"N 46° 53’ 10"""	"E 32° 38’ 20"""
Ф-13950	Ковалиха	Kovalykha	горб	Миколаївська обл.	р-н Очаківський	"N 46° 30’ 50"""	"E 31° 38’ 50"""
Ф-13952	Яшкин Кучугур	Yashkyn Kuchuhur	горб	Миколаївська обл.	р-н Очаківський	"N 46° 29’ 50"""	"E 31° 38’ 55"""
Ф-13953	Лисий Кучугур	Lysyi Kuchuhur	горб	Миколаївська обл.	р-н Очаківський	"N 46° 29’ 40"""	"E 31° 39’ 25"""
Ф-13956	Чабанка	Chabanka	горб	Миколаївська обл.	р-н Очаківський	"N 46° 29’ 20"""	"E 31° 39’ 20"""
Ф-13957	Аджигольська коса	Adzhyholska kosa	коса	Миколаївська обл.	р-н Очаківський	"N 46° 37’ 10"""	"E 31° 48’ 50"""
Ф-14000	Аляуди	Aliaudy	півострів	Миколаївська обл.		"N 46° 59’ 10"""	"E 32° 2’ 20"""
Ф-14697	Могила-Розмарецька	Mohyla-Rozmaretska	курган	Миколаївська обл.	Арбузинський р-н	"N 47° 57’ 22"""	"E 31° 4’ 7"""
Ф-14698	Могила-Протаса	Mohyla-Protasa	курган	Миколаївська обл.	Доманівський р-н	"N 47° 50’ 40"""	"E 31° 4’ 24"""
Ф-14699	Козинцева	Kozyntseva	курган	Миколаївська обл.	Братський р-н	"N 47° 53’ 53"""	"E 31° 27’ 52"""
Ф-14700	Могила Вознесенська	Mohyla Voznesenska	курган	Миколаївська обл.	Арбузинський р-н	"N 47° 51’ 7"""	"E 31° 16’ 11"""
Ф-14701	Осикова	Osykova	курган	Миколаївська обл.	Арбузинський р-н	"N 47° 50’ 8"""	"E 31° 23’ 2"""
Ф-14708	Маркова Могила	Markova Mohyla	курган	Миколаївська обл.	Доманівський р-н	"N 47° 30’ 56"""	"E 31° 4’ 51"""
Ф-14752	Могила-Висока	Mohyla-Vysoka	курган	Миколаївська обл.	Доманівський р-н	"N 47° 39’ 50"""	"E 31° 10’ 48"""
Ф-14753	Могила-Розкопана	Mohyla-Rozkopana	курган	Миколаївська обл.	Доманівський р-н	"N 47° 34’ 18"""	"E 31° 11’ 0"""
Ф-14754	Могила-Висока	Mohyla-Vysoka	курган	Миколаївська обл.	Вознесенський р-н	"N 47° 30’ 30"""	"E 31° 8’ 57"""
Ф-14755	Могила-Маяк	Mohyla-Maiak	курган	Миколаївська обл.	Доманівський р-н	"N 47° 32’ 20"""	"E 31° 5’ 23"""
Ф-14756	Могила-Седі	Mohyla-Sedi	курган	Миколаївська обл.	Вознесенський р-н	"N 47° 33’ 1"""	"E 31° 24’ 16"""
Ф-14757	Могила-Гром	Mohyla-Hrom	курган	Миколаївська обл.	Вознесенський р-н	"N 47° 23’ 18"""	"E 31° 29’ 37"""
Ф-14758	Могила-Сергіївка	Mohyla-Serhiivka	курган	Миколаївська обл.	Казанківський р-н	"N 47° 29’ 31"""	"E 33° 0’ 41"""
Ф-14803	Чубовська	Chubovska	курган	Миколаївська обл.	Миколаївський р-н	"N 47° 7’ 10"""	"E 31° 46’ 42"""
Ф-14804	Могила-Мензарка	Mohyla-Menzarka	курган	Миколаївська обл.	Вітовський р-н	"N 47° 10’ 45"""	"E 32° 13’ 24"""
Ф-14805	Могила-Циганка	Mohyla-Tsyhanka	курган	Миколаївська обл.	Баштанський р-н	"N 47° 10’ 27"""	"E 32° 8’ 34"""
Ф-14806	Могила-Баба	Mohyla-Baba	курган	Миколаївська обл.	Вітовський р-н	"N 47° 4’ 3"""	"E 32° 11’ 40"""
Ф-14846	Могила-Хрестова	Mohyla-Khrestova	курган	Миколаївська обл.	Доманівський р-н	"N 47° 49’ 14"""	"E 31° 3’ 12"""
Ф-14847	Могила- Південні Пузирі	Mohyla-Pivdenni Puzyri	курган	Миколаївська обл.	Вітовський р-н	"N 46° 49’ 0"""	"E 32° 8’ 57"""
Ф-14848	Могила-Довга	Mohyla-Dovha	курган	Миколаївська обл.	Новобузький р-н	"N 47° 33’ 49"""	"E 32° 46’ 2"""
Ф-14882	Анчекрак	Anchekrak	курган	Миколаївська обл.	Очаківський р-н	"N 46° 50’ 26"""	"E 31° 41’ 59"""
Ф-14883	Розкопана	Rozkopana	курган	Миколаївська обл.	Очаківський р-н	"N 46° 50’ 11"""	"E 31° 37’ 41"""
Ф-14884	Широка Могила	Shyroka Mohyla	курган	Миколаївська обл.	Березнегуватський р-н	"N 47° 9’ 50"""	"E 32° 50’ 18"""
Ф-14885	Монахова	Monakhova	курган	Миколаївська обл.	Братський р-н	"N 47° 46’ 12"""	"E 31° 41’ 32"""
Ф-14886	Могила-Довга	Mohyla-Dovha	курган	Миколаївська обл.	Братський р-н	"N 47° 55’ 47"""	"E 31° 49’ 8"""
Ф-15064	МСогила-Середня	Msohyla-Serednia	курган	Миколаївська обл.	Доманівський р-н	"N 47° 48’ 42"""	"E 31° 4’ 3"""
Ф-15065	Могила-Трієчка	Mohyla-Triiechka	курган	Миколаївська обл.	Доманівський р-н	"N 47° 45’ 0"""	"E 31° 5’ 21"""
Ф-15066	Могила-Довга	Mohyla-Dovha	курган	Миколаївська обл.	Доманівський р-н	"N 47° 45’ 58"""	"E 31° 0’ 39"""
Ф-15067	Касьянівська	Kasianivska	курган	Миколаївська обл.	Березанський р-н	"N 46° 58’ 20"""	"E 31° 28’ 27"""
Ф-15068	Висока	Vysoka	курган	Миколаївська обл.	Очаківський р-н	"N 46° 47’ 16"""	"E 31° 38’ 36"""
Ф-15069	Аджигольська	Adzhyholska	курган	Миколаївська обл.	Очаківський р-н	"N 46° 47’ 38"""	"E 31° 42’ 3"""
Ф-15070	Турецька	Turetska	курган	Миколаївська обл.	Очаківський р-н	"N 46° 41’ 30"""	"E 31° 31’ 49"""
Ф-15071	Люблінська	Liublinska	курган	Миколаївська обл.	Березанський р-н	"N 46° 56’ 51"""	"E 31° 12’ 16"""
Ф-15072	Коровинська	Korovynska	курган	Миколаївська обл.	Березанський р-н	"N 46° 55’ 11"""	"E 31° 10’ 40"""
Ф-15083	Сосицька	Sosytska	курган	Миколаївська обл.	Березанський р-н	"N 46° 47’ 58"""	"E 31° 22’ 34"""
Ф-15084	Проявина	Proiavyna	курган	Миколаївська обл.	Березанський р-н	"N 46° 45’ 21"""	"E 31° 12’ 54"""
Ф-15085	Грозова	Hrozova	курган	Миколаївська обл.	Очаківський р-н	"N 46° 49’ 33"""	"E 31° 47’ 9"""
Ф-15086	Три-Могили	Try-Mohyly	курган	Миколаївська обл.	Очаківський р-н	"N 46° 46’ 7"""	"E 31° 49’ 28"""
Ф-15087	Очаківська	Ochakivska	курган	Миколаївська обл.	Очаківський р-н	"N 46° 40’ 48"""	"E 31° 50’ 22"""
Ф-15088	Могила-Довга	Mohyla-Dovha	курган	Миколаївська обл.	Казанківський р-н	"N 47° 55’ 3"""	"E 32° 57’ 42"""
Ф-15467	Могила-Тартанова	Mohyla-Tartanova	курган	Миколаївська обл.	Вознесенський р-н	"N 47° 38’ 7"""	"E 31° 16’ 45"""
Ф-15495	Могила-Розкопана	Mohyla-Rozkopana	курган	Миколаївська обл.	Первомайський р-н	"N 47° 54’ 35"""	"E 31° 2’ 17"""
Ф-15496	Могила-Засульська	Mohyla-Zasulska	курган	Миколаївська обл.	Вознесенський р-н	"N 47° 38’ 4"""	"E 31° 21’ 39"""
Ф-15575	Могила-Гелеверкова	Mohyla-Heleverkova	курган	Миколаївська обл.	Первомайський р-н	"N 48° 1’ 37"""	"E 30° 59’ 6"""
Ф-15577	Митрикова	Mytrykova	курган	Миколаївська обл.	Очаківський р-н	"N 46° 44’ 24"""	"E 31° 50’ 36"""
Ф-15819	Аджигольська	Adzhyholska	балка	Миколаївська обл.	р-н Очаківський	"N 46° 39’ 13"""	"E 31° 46’ 54"""
Ф-15820	Аджигольська	Adzhyholska	курган	Миколаївська обл.	р-н Очаківський	"N 46° 47’ 38"""	"E 31° 42’ 3"""
Ф-15920	Альошкіна	Aloshkina	балка	Миколаївська обл.	р-н Арбузинський	"N 48° 2’ 0"""	"E 31° 3’ 55"""
Ф-15954	Баба	Baba	курган	Миколаївська обл.	р-н Вознесенський	"N 47° 25’ 11"""	"E 31° 33’ 1"""
Ф-16028	Анчекрак	Anchekrak	курган	Миколаївська обл.	р-н Очаківський	"N 46° 50’ 26"""	"E 31° 41’ 59"""
Ф-16048	Артемівка	Artemivka	урочище	Миколаївська обл.	р-н Братський	"N 48° 2’ 38"""	"E 31° 39’ 21"""
Ф-16050	Артемова	Artemova	урочище	Миколаївська обл.	р-н Арбузинський	"N 47° 56’ 41"""	"E 31° 8’ 4"""
Ф-16096	Бантишева	Bantysheva	балка	Миколаївська обл.	р-н Вознесенський	"N 47° 28’ 19"""	"E 31° 41’ 43"""
Ф-16134	Балануцова	Balanutsova	балка	Миколаївська обл.	р-н Новоодеський	"N 47° 17’ 54"""	"E 31° 49’ 6"""
Ф-16180	Баранова	Baranova	балка	Миколаївська обл.	р-н Вознесенський	"N 47° 37’ 36"""	"E 31° 24’ 21"""
Ф-16346	Бариня	Barynia	балка	Миколаївська обл.	р-н Баштанський	"N 47° 17’ 39"""	"E 32° 10’ 29"""
Ф-16354	Барона	Barona	балка	Миколаївська обл.	р-н Арбузинський	"N 48° 2’ 54"""	"E 31° 15’ 30"""
Ф-16355	Барона	Barona	балка	Миколаївська обл.	р-н Арбузинський	"N 48° 1’ 39"""	"E 31° 14’ 24"""
Ф-16418	Березнеговата	Bereznehovata	балка	Миколаївська обл.	р-н Березнегуватський	"N 47° 20’ 52"""	"E 32° 51’ 48"""
Ф-16422	Березнегуватська	Bereznehuvatska	балка	Миколаївська обл.	р-н Новобузький	"N 47° 40’ 59"""	"E 32° 13’ 38"""
Ф-16653	Білозерка	Bilozerka	балка	Миколаївська обл.	р-н Снігурівський	"N 46° 50’ 21"""	"E 32° 30’ 35"""
Ф-16654	Білозерка	Bilozerka	балка	Миколаївська обл.	р-н Снігурівський	"N 46° 53’ 6"""	"E 32° 28’ 22"""
Ф-16869	Болгарка	Bolharka	урочище	Миколаївська обл.	р-н Березанський	"N 46° 50’ 29"""	"E 31° 34’ 19"""
Ф-16904	Ближнього	Blyzhnoho	балка	Миколаївська обл.	р-н Арбузинський	"N 47° 58’ 54"""	"E 31° 8’ 28"""
Ф-16996	Бреєва	Breieva	балка	Миколаївська обл.	р-н Вітовський	"N 46° 59’ 51"""	"E 32° 7’ 27"""
Ф-17132	Данькіна	Dankina	балка	Миколаївська обл.	р-н Єланецький	"N 47° 39’ 13"""	"E 32° 5’ 29"""
Ф-17152	Грозова	Hrozova	курган	Миколаївська обл.	р-н Очаківський	"N 46° 49’ 33"""	"E 31° 47’ 9"""
Ф-17157	Громобов	Hromobov	урочище	Миколаївська обл.	р-н Вознесенський	"N 47° 28’ 52"""	"E 31° 23’ 32"""
Ф-17192	Вербова	Verbova	балка	Миколаївська обл.	р-н Казанківський	"N 47° 52’ 48"""	"E 32° 55’ 9"""
Ф-17193	Вербова	Verbova	балка	Миколаївська обл.	р-н Казанківський	"N 47° 50’ 37"""	"E 32° 57’ 36"""
Ф-17238	Глиняна	Hlyniana	балка	Миколаївська обл.	р-н Арбузинський	"N 48° 2’ 33"""	"E 31° 12’ 9"""
Ф-17292	Грекова	Hrekova	балка	Миколаївська обл.	р-н Вознесенський	"N 47° 29’ 13"""	"E 31° 31’ 7"""
Ф-17347	Волохів Яр	Volokhiv Yar	урочище	Миколаївська обл.	р-н Врадіївський	"N 47° 50’ 21"""	"E 30° 30’ 37"""
Ф-17377	Глибокий Яр	Hlybokyi Yar	урочище	Миколаївська обл.	р-н Березнегуватський	"N 47° 24’ 44"""	"E 32° 46’ 19"""
Ф-17570	Глибока	Hlyboka	балка	Миколаївська обл.	р-н Вознесенський	"N 47° 25’ 56"""	"E 31° 13’ 52"""
Ф-17575	Глибока	Hlyboka	балка	Миколаївська обл.	р-н Миколаївський	"N 47° 1’ 59"""	"E 31° 31’ 16"""
Ф-17644	Вільне	Vilne	урочище	Миколаївська обл.	р-н Братський	"N 48° 1’ 0"""	"E 31° 35’ 52"""
Ф-17649	Воля	Volia	урочище	Миколаївська обл.	р-н Арбузинський	"N 47° 50’ 18"""	"E 31° 16’ 41"""
Ф-17721	Воробйова	Vorobiova	курган	Миколаївська обл.	р-н Очаківський	"N 46° 41’ 49"""	"E 31° 50’ 40"""
Ф-17728	Васильєва	Vasylieva	балка	Миколаївська обл.	р-н Арбузинський	"N 47° 58’ 44"""	"E 31° 7’ 10"""
Ф-17729	Васильєва	Vasylieva	балка	Миколаївська обл.	р-н Арбузинський	"N 47° 57’ 52"""	"E 31° 8’ 8"""
Ф-17778	Городня	Horodnia	балка	Миколаївська обл.	р-н Веселинівський	"N 47° 8’ 21"""	"E 31° 27’ 51"""
Ф-17815	Дві Могили	Dvi Mohyly	курган	Миколаївська обл.	р-н Вознесенський	"N 47° 37’ 6"""	"E 31° 20’ 56"""
Ф-17858	Валове	Valove	урочище	Миколаївська обл.	р-н Вознесенський	"N 47° 32’ 28"""	"E 31° 14’ 19"""
Ф-17917	Дердіна	Derdina	балка	Миколаївська обл.	р-н Новоодеський	"N 47° 26’ 8"""	"E 31° 42’ 32"""
Ф-17926	Ваніна	Vanina	балка	Миколаївська обл.	р-н Арбузинський	"N 47° 54’ 8"""	"E 31° 7’ 53"""
Ф-17975	Горбуліна	Horbulina	урочище	Миколаївська обл.	р-н Новобузький	"N 47° 34’ 26"""	"E 32° 45’ 59"""
Ф-17988	Дерекліївська	Derekliivska	курган	Миколаївська обл.	р-н Очаківський	"N 46° 48’ 45"""	"E 31° 51’ 15"""
Ф-18041	Воронова	Voronova	курган	Миколаївська обл.	р-н Очаківський	"N 46° 43’ 32"""	"E 31° 46’ 10"""
Ф-18053	Грицькова	Hrytskova	балка	Миколаївська обл.	р-н Новоодеський	"N 47° 25’ 13"""	"E 31° 42’ 39"""
Ф-18124	Дворянка	Dvorianka	урочище	Миколаївська обл.	р-н Доманівський	"N 47° 35’ 8"""	"E 30° 57’ 28"""
Ф-18132	Дев'ята	Deviata	курган	Миколаївська обл.	р-н Миколаївський	"N 46° 53’ 20"""	"E 31° 48’ 10"""
Ф-18166	Володимирівка	Volodymyrivka	урочище	Миколаївська обл.	р-н Братський	"N 48° 5’ 24"""	"E 31° 42’ 51"""
Ф-18218	Грушковата	Hrushkovata	балка	Миколаївська обл.	р-н Новобузький	"N 47° 33’ 34"""	"E 32° 21’ 32"""
Ф-18249	Греблева	Hrebleva	балка	Миколаївська обл.	р-н Березанський	"N 46° 49’ 11"""	"E 31° 32’ 5"""
Ф-18286	Джиганка	Dzhyhanka	балка	Миколаївська обл.	р-н Баштанський	"N 47° 27’ 57"""	"E 32° 10’ 1"""
Ф-18363	Бузинова	Buzynova	балка	Миколаївська обл.	р-н Березнегуватський	"N 47° 11’ 19"""	"E 32° 54’ 47"""
Ф-18404	Вила	Vyla	балка	Миколаївська обл.	р-н Веселинівський	"N 47° 19’ 38"""	"E 31° 31’ 29"""
Ф-18405	Вила	Vyla	балка	Миколаївська обл.	р-н Миколаївський	"N 47° 11’ 11"""	"E 31° 45’ 29"""
Ф-18415	Вилка	Vylka	балка	Миколаївська обл.	р-н Новоодеський	"N 47° 17’ 4"""	"E 31° 52’ 31"""
Ф-18613	Веселівка	Veselivka	урочище	Миколаївська обл.	р-н Казанківський	"N 47° 55’ 59"""	"E 32° 57’ 10"""
Ф-18704	Вовкове	Vovkove	урочище	Миколаївська обл.	р-н Доманівський	"N 47° 34’ 33"""	"E 30° 47’ 52"""
Ф-18726	Виниця	Vynytsia	балка	Миколаївська обл.	р-н Арбузинський	"N 48° 0’ 50"""	"E 31° 8’ 31"""
Ф-18792	Винтулівська	Vyntulivska	курган	Миколаївська обл.	р-н Березанський	"N 46° 57’ 17"""	"E 31° 23’ 11"""
Ф-18856	Велика Дівка	Velyka Divka	балка	Миколаївська обл.	р-н Новоодеський	"N 47° 23’ 31"""	"E 31° 37’ 34"""
Ф-18947	Гавтікова	Havtikova	балка	Миколаївська обл.	р-н Вознесенський	"N 47° 30’ 38"""	"E 31° 38’ 39"""
Ф-18997	Вовча	Vovcha	балка	Миколаївська обл.	р-н Доманівський	"N 47° 34’ 52"""	"E 31° 3’ 25"""
Ф-18998	Вовча	Vovcha	балка	Миколаївська обл.	р-н Новоодеський	"N 47° 15’ 48"""	"E 31° 56’ 49"""
Ф-19002	Вовча	Vovcha	балка	Миколаївська обл.	р-н Новобузький	"N 47° 40’ 26"""	"E 32° 18’ 35"""
Ф-19107	Висока	Vysoka	курган	Миколаївська обл.	р-н Очаківський	"N 46° 47’ 16"""	"E 31° 38’ 36"""
Ф-19152	Велика Корабельна	Velyka Korabelna	балка	Миколаївська обл.	р-н Арбузинський	"N 47° 58’ 12"""	"E 31° 3’ 4"""
Ф-19167	Водна	Vodna	балка	Миколаївська обл.	р-н Єланецький	"N 47° 46’ 8"""	"E 31° 56’ 34"""
Ф-19184	Водяна	Vodiana	балка	Миколаївська обл.	р-н Єланецький	"N 47° 33’ 12"""	"E 32° 4’ 10"""
Ф-19186	Водяна	Vodiana	балка	Миколаївська обл.	р-н Єланецький	"N 47° 43’ 2"""	"E 31° 57’ 49"""
Ф-19211	Вершина	Vershyna	балка	Миколаївська обл.	р-н Арбузинський	"N 47° 58’ 43"""	"E 31° 2’ 47"""
Ф-19391	Гадюча	Hadiucha	балка	Миколаївська обл.	р-н Новобузький	"N 47° 45’ 28"""	"E 32° 27’ 23"""
Ф-19426	Бушнякова	Bushniakova	балка	Миколаївська обл.	р-н Миколаївський	"N 47° 1’ 13"""	"E 31° 31’ 53"""
Ф-19524	Верьовчина	Verovchyna	балка	Миколаївська обл.	р-н Снігурівський	"N 46° 57’ 43"""	"E 32° 36’ 14"""
Ф-19525	Верьовчина	Verovchyna	балка	Миколаївська обл.	р-н Снігурівський	"N 46° 53’ 59"""	"E 32° 35’ 13"""
Ф-19551	Драгунова	Drahunova	балка	Миколаївська обл.	р-н Новоодеський	"N 47° 13’ 48"""	"E 31° 55’ 6"""
Ф-19576	Калинівка	Kalynivka	урочище	Миколаївська обл.	р-н Первомайський	"N 48° 12’ 17"""	"E 31° 2’ 0"""
Ф-19723	Касьянівська	Kasianivska	курган	Миколаївська обл.	р-н Березанський	"N 46° 58’ 20"""	"E 31° 28’ 27"""
Ф-19769	Дюднєва	Diudnieva	балка	Миколаївська обл.	р-н Арбузинський	"N 47° 58’ 45"""	"E 31° 10’ 58"""
Ф-19880	Зелена Стіна	Zelena Stina	урочище	Миколаївська обл.	р-н Братський	"N 47° 53’ 32"""	"E 31° 34’ 27"""
Ф-20038	Кам'яна	Kamiana	балка	Миколаївська обл.	р-н Веселинівський	"N 47° 19’ 35"""	"E 31° 30’ 15"""
Ф-20039	Кам'яна	Kamiana	балка	Миколаївська обл.	р-н Миколаївський	"N 47° 3’ 45"""	"E 31° 48’ 25"""
Ф-20040	Кам'яна	Kamiana	балка	Миколаївська обл.	р-н Арбузинський	"N 47° 56’ 11"""	"E 31° 23’ 10"""
Ф-20041	Кам'яна	Kamiana	балка	Миколаївська обл.	р-н Арбузинський	"N 47° 54’ 12"""	"E 31° 20’ 55"""
Ф-20042	Кам'яна	Kamiana	балка	Миколаївська обл.	р-н Березанський	"N 46° 49’ 10"""	"E 31° 14’ 26"""
Ф-20169	Друга	Druha	балка	Миколаївська обл.	р-н Первомайський	"N 48° 8’ 54"""	"E 30° 54’ 23"""
Ф-20202	Злодійка	Zlodiika	балка	Миколаївська обл.	р-н Березанський	"N 46° 57’ 56"""	"E 31° 6’ 48"""
Ф-20203	Злодійка	Zlodiika	балка	Миколаївська обл.	р-н Вознесенський	"N 47° 39’ 48"""	"E 31° 22’ 41"""
Ф-20204	Злодійка	Zlodiika	балка	Миколаївська обл.	р-н Баштанський	"N 47° 24’ 10"""	"E 32° 20’ 49"""
Ф-20257	Зелений Яр	Zelenyi Yar	урочище	Миколаївська обл.	р-н Вознесенський	"N 47° 46’ 5"""	"E 31° 24’ 27"""
Ф-20330	Калістрівська	Kalistrivska	балка	Миколаївська обл.	р-н Миколаївський	"N 47° 9’ 20"""	"E 31° 30’ 41"""
Ф-20460	Євгенова	Yevhenova	балка	Миколаївська обл.	р-н Вознесенський	"N 47° 40’ 32"""	"E 31° 24’ 19"""
Ф-20492	Зелений Яр	Zelenyi Yar	балка	Миколаївська обл.	р-н Доманівський	"N 47° 46’ 1"""	"E 31° 7’ 54"""
Ф-20493	Зелений Яр	Zelenyi Yar	балка	Миколаївська обл.	р-н Доманівський	"N 47° 43’ 58"""	"E 31° 8’ 26"""
Ф-20534	Загичка	Zahychka	балка	Миколаївська обл.	р-н Доманівський	"N 47° 44’ 3"""	"E 31° 10’ 26"""
Ф-20549	Карпова	Karpova	балка	Миколаївська обл.	р-н Вознесенський	"N 47° 29’ 26"""	"E 31° 28’ 41"""
Ф-20559	Зелінгера	Zelinhera	балка	Миколаївська обл.	р-н Єланецький	"N 47° 38’ 23"""	"E 32° 10’ 26"""
Ф-20560	Зелінгера	Zelinhera	балка	Миколаївська обл.	р-н Єланецький	"N 47° 37’ 8"""	"E 32° 10’ 26"""
Ф-20622	Кладова	Kladova	балка	Миколаївська обл.	р-н Веселинівський	"N 47° 22’ 38"""	"E 31° 21’ 16"""
Ф-20685	Дорошева	Dorosheva	балка	Миколаївська обл.	р-н Вознесенський	"N 47° 30’ 46"""	"E 31° 27’ 45"""
Ф-20867	Гарманська	Harmanska	балка	Миколаївська обл.	р-н Миколаївський	"N 47° 13’ 16"""	"E 31° 41’ 8"""
Ф-20902	Дубинка	Dubynka	урочище	Миколаївська обл.	р-н Веселинівський	"N 47° 24’ 53"""	"E 31° 15’ 54"""
Ф-20930	Гнилий Єланець	Hnylyi Yelanets	урочище	Миколаївська обл.	р-н Вознесенський	"N 47° 29’ 43"""	"E 31° 42’ 58"""
Ф-20969	Дубки	Dubky	урочище	Миколаївська обл.	р-н Новобузький	"N 47° 47’ 35"""	"E 32° 34’ 19"""
Ф-21038	Голуби	Holuby	урочище	Миколаївська обл.	р-н Доманівський	"N 47° 41’ 22"""	"E 30° 57’ 16"""
Ф-21121	Дубарєва	Dubarieva	балка	Миколаївська обл.	р-н Доманівський	"N 47° 31’ 38"""	"E 31° 9’ 23"""
Ф-21130	Запоріжжя	Zaporizhzhia	урочище	Миколаївська обл.	р-н Первомайський	"N 47° 57’ 40"""	"E 30° 36’ 33"""
Ф-21131	Запоріжжя	Zaporizhzhia	урочище	Миколаївська обл.	р-н Первомайський	"N 47° 57’ 41"""	"E 30° 36’ 33"""
Ф-21158	Забари	Zabary	урочище	Миколаївська обл.	р-н Первомайський	"N 47° 58’ 35"""	"E 30° 47’ 48"""
Ф-21267	Зайцевського	Zaitsevskoho	балка	Миколаївська обл.	р-н Вітовський	"N 47° 2’ 54"""	"E 32° 6’ 20"""
Ф-21417	Добра	Dobra	балка	Миколаївська обл.	р-н Березнегуватський	"N 47° 29’ 39"""	"E 32° 44’ 6"""
Ф-21418	Добра	Dobra	балка	Миколаївська обл.	р-н Березнегуватський	"N 47° 27’ 35"""	"E 32° 45’ 45"""
Ф-21419	Добра	Dobra	балка	Миколаївська обл.	р-н Березнегуватський	"N 47° 19’ 8"""	"E 32° 49’ 33"""
Ф-21420	Добра	Dobra	балка	Миколаївська обл.	р-н Новобузький	"N 47° 31’ 28"""	"E 32° 43’ 19"""
Ф-21421	Добра Поляна	Dobra Poliana	урочище	Миколаївська обл.	р-н Новобузький	"N 47° 34’ 18"""	"E 32° 33’ 59"""
Ф-21544	Горожена	Horozhena	балка	Миколаївська обл.	р-н Новобузький	"N 47° 35’ 44"""	"E 32° 27’ 3"""
Ф-21670	Добренька	Dobrenka	балка	Миколаївська обл.	р-н Баштанський	"N 47° 13’ 10"""	"E 32° 16’ 40"""
Ф-21682	Журкева	Zhurkeva	балка	Миколаївська обл.	р-н Миколаївський	"N 47° 5’ 25"""	"E 31° 45’ 44"""
Ф-21700	Гумарієва	Humariieva	балка	Миколаївська обл.	р-н Новоодеський	"N 47° 27’ 17"""	"E 31° 45’ 12"""
Ф-21743	Добродушне	Dobrodushne	урочище	Миколаївська обл.	р-н Миколаївський	"N 47° 2’ 12"""	"E 31° 30’ 18"""
Ф-21780	Гнила	Hnyla	балка	Миколаївська обл.	р-н Первомайський	"N 47° 58’ 42"""	"E 31° 1’ 11"""
Ф-21787	Гнила	Hnyla	балка	Миколаївська обл.	р-н Первомайський	"N 47° 58’ 29"""	"E 31° 0’ 56"""
Ф-21877	Жовтарєва	Zhovtarieva	балка	Миколаївська обл.	р-н Баштанський	"N 47° 17’ 41"""	"E 32° 19’ 59"""
Ф-21883	Жовтухін	Zhovtukhin	урочище	Миколаївська обл.	р-н Казанківський	"N 47° 58’ 47"""	"E 32° 58’ 56"""
Ф-21987	Крута	Kruta	балка	Миколаївська обл.	р-н Братський	"N 47° 45’ 12"""	"E 31° 32’ 47"""
Ф-22065	Козинцева	Kozyntseva	курган	Миколаївська обл.	р-н Братський	"N 47° 53’ 53"""	"E 31° 27’ 52"""
Ф-22114	Красне	Krasne	урочище	Миколаївська обл.	р-н Врадіївський	"N 47° 47’ 28"""	"E 30° 43’ 8"""
Ф-22207	Кодима	Kodyma	балка	Миколаївська обл.	р-н Єланецький	"N 47° 38’ 51"""	"E 31° 38’ 54"""
Ф-22420	Куколова	Kukolova	балка	Миколаївська обл.	р-н Новоодеський	"N 47° 18’ 39"""	"E 31° 57’ 33"""
Ф-22426	Красний Яр	Krasnyi Yar	урочище	Миколаївська обл.	р-н Братський	"N 47° 49’ 37"""	"E 31° 27’ 31"""
Ф-22442	Козорізова	Kozorizova	балка	Миколаївська обл.	Первомайська міськрада	"N 48° 4’ 4"""	"E 30° 47’ 35"""
Ф-22462	Лабіринт	Labirynt	урочище	Миколаївська обл.	р-н Вознесенський	"N 47° 42’ 17"""	"E 31° 24’ 35"""
Ф-22533	Коровинська	Korovynska	курган	Миколаївська обл.	р-н Березанський	"N 46° 55’ 11"""	"E 31° 10’ 40"""
Ф-22739	Кулишів	Kulyshiv	урочище	Миколаївська обл.	р-н Братський	"N 47° 49’ 9"""	"E 31° 48’ 7"""
Ф-22811	Куманська	Kumanska	балка	Миколаївська обл.	р-н Веселинівський	"N 47° 18’ 54"""	"E 31° 30’ 30"""
Ф-22856	Крисівська	Krysivska	балка	Миколаївська обл.	р-н Веселинівський	"N 47° 22’ 8"""	"E 30° 54’ 52"""
Ф-23012	Комарова	Komarova	балка	Миколаївська обл.	р-н Вознесенський	"N 47° 32’ 29"""	"E 31° 34’ 36"""
Ф-23046	Корабельна	Korabelna	балка	Миколаївська обл.	р-н Арбузинський	"N 47° 58’ 7"""	"E 31° 3’ 8"""
Ф-23047	"Корабельно-Арбузинська
Дача"	Korabelno-Arbuzynska Dacha	урочище	Миколаївська обл.	р-н Арбузинський	"N 48° 1’ 44"""	"E 31° 13’ 57"""
Ф-23062	Кременчук	Kremenchuk	урочище	Миколаївська обл.	р-н Вознесенський	"N 47° 44’ 27"""	"E 31° 11’ 45"""
Ф-23073	Кучугури	Kuchuhury	урочище	Миколаївська обл.	р-н Новоодеський	"N 47° 2’ 8"""	"E 31° 53’ 10"""
Ф-23074	Кучугури	Kuchuhury	урочище	Миколаївська обл.	р-н Вознесенський	"N 47° 28’ 51"""	"E 31° 26’ 41"""
Ф-23085	Кочержина	Kocherzhyna	балка	Миколаївська обл.	р-н Миколаївський	"N 47° 17’ 6"""	"E 31° 39’ 2"""
Ф-23180	Кірікова	Kirikova	балка	Миколаївська обл.	р-н Новоодеський	"N 47° 12’ 44"""	"E 31° 53’ 32"""
Ф-23218	Кам'янка	Kamianka	урочище	Миколаївська обл.	р-н Доманівський	"N 47° 43’ 14"""	"E 30° 54’ 29"""
Ф-23233	Ілларіонівка	Illarionivka	урочище	Миколаївська обл.	р-н Первомайський	"N 48° 10’ 14"""	"E 30° 46’ 1"""
Ф-23234	Іллічівська	Illichivska	балка	Миколаївська обл.	р-н Веселинівський	"N 47° 22’ 6"""	"E 30° 53’ 59"""
Ф-23235	Іллюшина	Illiushyna	балка	Миколаївська обл.	р-н Казанківський	"N 47° 32’ 28"""	"E 32° 55’ 9"""
Ф-23268	Звездарка	Zvezdarka	балка	Миколаївська обл.	р-н Миколаївський	"N 47° 7’ 4"""	"E 31° 49’ 18"""
Ф-23293	Киливке	Kylyvke	балка	Миколаївська обл.	р-н Березанський	"N 46° 54’ 14"""	"E 31° 29’ 26"""
Ф-23352	Какушина	Kakushyna	балка	Миколаївська обл.	р-н Березанський	"N 46° 38’ 53"""	"E 31° 16’ 33"""
Ф-23353	Кринички	Krynychky	урочище	Миколаївська обл.	р-н Березнегуватський	"N 47° 22’ 44"""	"E 32° 58’ 54"""
Ф-23354	Кринички	Krynychky	балка	Миколаївська обл.	р-н Доманівський	"N 47° 51’ 13"""	"E 31° 4’ 18"""
Ф-23412	Какушина	Kakushyna	балка	Миколаївська обл.	р-н Березанський	"N 46° 40’ 26"""	"E 31° 16’ 31"""
Ф-23454	Зуба	Zuba	урочище	Миколаївська обл.	р-н Веселинівський	"N 47° 22’ 55"""	"E 31° 31’ 59"""
Ф-23532	Кам'янці	Kamiantsi	урочище	Миколаївська обл.	р-н Братський	"N 47° 58’ 58"""	"E 31° 37’ 37"""
Ф-23604	Кринична	Krynychna	балка	Миколаївська обл.	р-н Баштанський	"N 47° 15’ 52"""	"E 32° 16’ 35"""
Ф-23613	Кирилинкова	Kyrylynkova	балка	Миколаївська обл.	р-н Вознесенський	"N 47° 23’ 56"""	"E 31° 33’ 48"""
Ф-23648	Круча	Krucha	балка	Миколаївська обл.	р-н Березнегуватський	"N 47° 13’ 21"""	"E 32° 49’ 2"""
Ф-23659	Колбина	Kolbyna	балка	Миколаївська обл.	р-н Вознесенський	"N 47° 44’ 47"""	"E 31° 24’ 26"""
Ф-23662	Кринична	Krynychna	балка	Миколаївська обл.	р-н Снігурівський	"N 47° 2’ 40"""	"E 32° 42’ 13"""
Ф-23785	Західна	Zakhidna	балка	Миколаївська обл.	р-н Врадіївський	"N 47° 37’ 44"""	"E 30° 31’ 49"""
Ф-23890	Кручена	Kruchena	балка	Миколаївська обл.	р-н Арбузинський	"N 48° 5’ 23"""	"E 31° 12’ 28"""
Ф-23926	Капустина Балка	Kapustyna Balka	урочище	Миколаївська обл.	р-н Вітовський	"N 47° 2’ 52"""	"E 32° 2’ 25"""
Ф-23951	Кареєва	Kareieva	балка	Миколаївська обл.	р-н Новоодеський	"N 47° 15’ 15"""	"E 31° 47’ 57"""
Ф-24024	Кінська	Kinska	балка	Миколаївська обл.	р-н Арбузинський	"N 47° 56’ 42"""	"E 31° 16’ 52"""
Ф-24054	Кам'яна Криниця	Kamiana Krynytsia	урочище	Миколаївська обл.	р-н Казанківський	"N 47° 49’ 23"""	"E 32° 43’ 29"""
Ф-24074	Зарубіна	Zarubina	балка	Миколаївська обл.	р-н Миколаївський	"N 47° 17’ 7"""	"E 31° 42’ 0"""
Ф-24124	Кефелева	Kefeleva	балка	Миколаївська обл.	р-н Березанський	"N 46° 51’ 57"""	"E 31° 8’ 59"""
Ф-24207	Ковбань	Kovban	урочище	Миколаївська обл.	р-н Доманівський	"N 47° 36’ 10"""	"E 31° 1’ 27"""
Ф-24220	Карабінова	Karabinova	балка	Миколаївська обл.	р-н Арбузинський	"N 48° 1’ 6"""	"E 31° 17’ 51"""
Ф-24395	Новокиївка	Novokyivka	урочище	Миколаївська обл.	р-н Єланецький	"N 47° 44’ 49"""	"E 31° 51’ 15"""
Ф-24407	Могила-Маяк	Mohyla-Maiak	курган	Миколаївська обл.	р-н Доманівський	"N 47° 32’ 20"""	"E 31° 5’ 23"""
Ф-24408	Могила-Мензарка	Mohyla-Menzarka	курган	Миколаївська обл.	р-н Вітовський	"N 47° 10’ 45"""	"E 32° 13’ 24"""
Ф-24500	Митрикова	Mytrykova	курган	Миколаївська обл.	р-н Очаківський	"N 46° 44’ 24"""	"E 31° 50’ 36"""
Ф-24602	Новий Фонтан	Novyi Fontan	урочище	Миколаївська обл.	р-н Арбузинський	"N 47° 46’ 51"""	"E 31° 25’ 40"""
Ф-24615	Могила-Баба	Mohyla-Baba	курган	Миколаївська обл.	р-н Вітовський	"N 47° 4’ 3"""	"E 32° 11’ 40"""
Ф-24629	Могила-Висока	Mohyla-Vysoka	курган	Миколаївська обл.	р-н Вознесенський	"N 47° 30’ 57"""	"E 31° 16’ 14"""
Ф-24642	Мигидова	Myhydova	балка	Миколаївська обл.	р-н Арбузинський	"N 47° 54’ 31"""	"E 31° 13’ 51"""
Ф-24660	Найдьонова	Naidonova	балка	Миколаївська обл.	р-н Березнегуватський	"N 47° 13’ 58"""	"E 33° 4’ 22"""
Ф-24723	Могила-Попова	Mohyla-Popova	курган	Миколаївська обл.	р-н Снігурівський	"N 47° 3’ 11"""	"E 32° 54’ 8"""
Ф-24725	Могила-Протаса	Mohyla-Protasa	курган	Миколаївська обл.	р-н Доманівський	"N 47° 50’ 40"""	"E 31° 4’ 24"""
Ф-2477	Булганівський	Bulhanivskyi	став	Миколаївська обл.		"N 47° 21’ 44"""	"E 32° 21’ 23"""
Ф-24778	Ниршина	Nyrshyna	балка	Миколаївська обл.	р-н Новоодеський	"N 47° 20’ 27"""	"E 31° 47’ 53"""
Ф-2478	Озеро Водяне	Ozero Vodiane	став	Миколаївська обл.		"N 47° 29’ 5"""	"E 32° 21’ 58"""
Ф-2479	Бабаків	Babakiv	став	Миколаївська обл.		"N 47° 29’ 55"""	"E 32° 51’ 10"""
Ф-24790	Німецька	Nimetska	балка	Миколаївська обл.	р-н Єланецький	"N 47° 33’ 30"""	"E 32° 1’ 30"""
Ф-24794	Могила-Розкопана	Mohyla-Rozkopana	курган	Миколаївська обл.	р-н Первомайський	"N 47° 54’ 35"""	"E 31° 2’ 17"""
Ф-24795	Могила-Розкопана	Mohyla-Rozkopana	курган	Миколаївська обл.	р-н Доманівський	"N 47° 34’ 18"""	"E 31° 11’ 0"""
Ф-24803	Могила-Седі	Mohyla-Sedi	курган	Миколаївська обл.	р-н Вознесенський	"N 47° 33’ 1"""	"E 31° 24’ 16"""
Ф-24808	Мутна	Mutna	балка	Миколаївська обл.	р-н Вознесенський	"N 47° 29’ 29"""	"E 31° 39’ 14"""
Ф-2481	Висунський	Vysunskyi	став	Миколаївська обл.		"N 47° 13’ 43"""	"E 32° 47’ 55"""
Ф-2482	Люблінське	Lublinske	водосховище	Миколаївська обл.		"N 47° 6’ 22"""	"E 32° 39’ 40"""
Ф-2483	Сосицький лиман	Sosytskyi lyman	лиман	Миколаївська обл.		"N 46° 44’ 30"""	"E 31° 29’ 20"""
Ф-24832	Могила Близнюки	Mohyla Blyzniuky	курган	Миколаївська обл.	р-н Первомайський	"N 48° 4’ 46"""	"E 30° 46’ 10"""
Ф-24840	Могила Вознесенська	Mohyla Voznesenska	курган	Миколаївська обл.	р-н Арбузинський	"N 47° 51’ 7"""	"E 31° 16’ 11"""
Ф-24936	Могила-Висока	Mohyla-Vysoka	курган	Миколаївська обл.	р-н Доманівський	"N 47° 39’ 50"""	"E 31° 10’ 48"""
Ф-24938	Могила-Висока	Mohyla-Vysoka	курган	Миколаївська обл.	р-н Вознесенський	"N 47° 30’ 30"""	"E 31° 8’ 57"""
Ф-24943	Могила-Гелеверкова	Mohyla-Heleverkova	курган	Миколаївська обл.	р-н Первомайський	"N 48° 1’ 37"""	"E 30° 59’ 6"""
Ф-24945	Могила-Гостра	Mohyla-Hostra	курган	Миколаївська обл.	р-н Первомайський	"N 48° 5’ 52"""	"E 30° 48’ 12"""
Ф-24966	Малозаболотське	Malozabolotske	урочище	Миколаївська обл.	р-н Доманівський	"N 47° 44’ 51"""	"E 30° 48’ 41"""
Ф-24996	Нижній Розділ	Nyzhnii Rozdil	урочище	Миколаївська обл.	р-н Єланецький	"N 47° 42’ 5"""	"E 31° 59’ 26"""
Ф-25014	Могила-Гром	Mohyla-Hrom	курган	Миколаївська обл.	р-н Вознесенський	"N 47° 23’ 18"""	"E 31° 29’ 37"""
Ф-25042	Милюкова	Myliukova	балка	Миколаївська обл.	р-н Доманівський	"N 47° 39’ 7"""	"E 31° 10’ 52"""
Ф-25045	Могила-Сергіївка	Mohyla-Serhiivka	курган	Миколаївська обл.	р-н Казанківський	"N 47° 29’ 31"""	"E 33° 0’ 41"""
Ф-25082	Могила Городок	Mohyla Horodok	урочище	Миколаївська обл.	р-н Вознесенський	"N 47° 35’ 35"""	"E 31° 17’ 1"""
Ф-25090	МСогила-Середня	Msohyla-Serednia	курган	Миколаївська обл.	р-н Доманівський	"N 47° 48’ 42"""	"E 31° 4’ 3"""
Ф-25112	Могила-Тартанова	Mohyla-Tartanova	курган	Миколаївська обл.	р-н Вознесенський	"N 47° 38’ 7"""	"E 31° 16’ 45"""
Ф-25115	Могила-Трієчка	Mohyla-Triiechka	курган	Миколаївська обл.	р-н Доманівський	"N 47° 45’ 0"""	"E 31° 5’ 21"""
Ф-25121	Могила-Хрестова	Mohyla-Khrestova	курган	Миколаївська обл.	р-н Доманівський	"N 47° 49’ 14"""	"E 31° 3’ 12"""
Ф-25124	Могила-Циганка	Mohyla-Tsyhanka	курган	Миколаївська обл.	р-н Баштанський	"N 47° 10’ 27"""	"E 32° 8’ 34"""
Ф-25144	Мартинова	Martynova	балка	Миколаївська обл.	р-н Миколаївський	"N 47° 8’ 17"""	"E 31° 43’ 46"""
Ф-25218	Мішкова	Mishkova	балка	Миколаївська обл.	р-н Новобузький	"N 47° 33’ 32"""	"E 32° 17’ 17"""
Ф-25224	Московка	Moskovka	балка	Миколаївська обл.	Миколаївська міськрада	"N 47° 7’ 59"""	"E 32° 3’ 9"""
Ф-25253	Могила-Довга	Mohyla-Dovha	курган	Миколаївська обл.	р-н Доманівський	"N 47° 45’ 58"""	"E 31° 0’ 39"""
Ф-25256	Могила-Довга	Mohyla-Dovha	курган	Миколаївська обл.	р-н Казанківський	"N 47° 55’ 3"""	"E 32° 57’ 42"""
Ф-25257	Могила-Довга	Mohyla-Dovha	курган	Миколаївська обл.	р-н Братський	"N 47° 55’ 47"""	"E 31° 49’ 8"""
Ф-25258	Могила-Довга	Mohyla-Dovha	курган	Миколаївська обл.	р-н Новобузький	"N 47° 33’ 49"""	"E 32° 46’ 2"""
Ф-25318	Могила-Засульська	Mohyla-Zasulska	курган	Миколаївська обл.	р-н Вознесенський	"N 47° 38’ 4"""	"E 31° 21’ 39"""
Ф-25340	Мимрикова	Mymrykova	балка	Миколаївська обл.	р-н Первомайський	"N 47° 59’ 33"""	"E 31° 1’ 7"""
Ф-25358	Монахова	Monakhova	курган	Миколаївська обл.	р-н Братський	"N 47° 46’ 12"""	"E 31° 41’ 32"""
Ф-25478	Новоблагодатне	Novoblahodatne	урочище	Миколаївська обл.	р-н Арбузинський	"N 48° 1’ 37"""	"E 31° 12’ 57"""
Ф-25479	Новобогданівка	Novobohdanivka	урочище	Миколаївська обл.	р-н Братський	"N 47° 50’ 15"""	"E 31° 47’ 32"""
Ф-25480	Новобратське	Novobratske	урочище	Миколаївська обл.	р-н Баштанський	"N 47° 20’ 31"""	"E 32° 33’ 56"""
Ф-25481	Нововасилівка	Novovasylivka	урочище	Миколаївська обл.	р-н Баштанський	"N 47° 21’ 54"""	"E 32° 34’ 5"""
Ф-25484	Новогапеовий	Novohapeovyi	урочище	Миколаївська обл.	р-н Братський	"N 47° 59’ 46"""	"E 31° 39’ 8"""
Ф-25558	Метеличка	Metelychka	урочище	Миколаївська обл.	р-н Вознесенський	"N 47° 46’ 4"""	"E 31° 25’ 15"""
Ф-25565	Мечетна	Mechetna	балка	Миколаївська обл.	р-н Єланецький	"N 47° 37’ 30"""	"E 31° 39’ 15"""
Ф-25581	Мамонтова	Mamontova	курган	Миколаївська обл.	р-н Очаківський	"N 46° 43’ 12"""	"E 31° 51’ 7"""
Ф-25737	Лозоватка	Lozovatka	балка	Миколаївська обл.	р-н Баштанський	"N 47° 28’ 10"""	"E 32° 12’ 56"""
Ф-25738	Лозоватка	Lozovatka	балка	Миколаївська обл.	р-н Казанківський	"N 47° 41’ 20"""	"E 32° 55’ 34"""
Ф-25743	Левади	Levady	урочище	Миколаївська обл.	р-н Арбузинський	"N 47° 53’ 37"""	"E 31° 11’ 5"""
Ф-2577	Мала Корабельна	Mala Korabelna	річка	Миколаївська обл.		"N 48° 1’ 35"""	"E 31° 13’ 5"""
Ф-25783	Мокра Балка	Mokra Balka	урочище	Миколаївська обл.	р-н Арбузинський	"N 47° 54’ 18"""	"E 31° 6’ 40"""
Ф-25816	Литовська	Lytovska	балка	Миколаївська обл.	р-н Березнегуватський	"N 47° 20’ 32"""	"E 32° 56’ 55"""
Ф-25817	Литовська	Lytovska	балка	Миколаївська обл.	р-н Арбузинський	"N 47° 55’ 15"""	"E 31° 16’ 50"""
Ф-25883	Македонцева	Makedontseva	балка	Миколаївська обл.	р-н Арбузинський	"N 47° 58’ 29"""	"E 31° 3’ 23"""
Ф-25916	Ліски	Lisky	балка	Миколаївська обл.	р-н Врадіївський	"N 47° 41’ 22"""	"E 30° 41’ 9"""
Ф-2593	Стовбова	Stovbova	річка, що пересихає	Миколаївська обл., Одеська обл.		"N 47° 39’ 10"""	"E 30° 43’ 40"""
Ф-25974	Мала Дубова	Mala Dubova	балка	Миколаївська обл.	р-н Первомайський	"N 47° 59’ 32"""	"E 31° 0’ 11"""
Ф-2598	Чортала	Chortala	річка, що пересихає	Миколаївська обл.		"N 47° 31’ 55"""	"E 31° 19’ 10"""
Ф-2599	Ташлицьке	Tashlytske	водосховище	Миколаївська обл.		"N 47° 50’ 21"""	"E 31° 13’ 28"""
Ф-26008	Мар'їна Роща	Marina Roshcha	урочище	Миколаївська обл.	р-н Вознесенський	"N 47° 36’ 2"""	"E 31° 17’ 42"""
Ф-2601	Гарбузинка	Harbuzynka	річка	Миколаївська обл.		"N 47° 42’ 13"""	"E 31° 26’ 45"""
Ф-26014	Маркова	Markova	курган	Миколаївська обл.	р-н Очаківський	"N 46° 49’ 18"""	"E 31° 44’ 25"""
Ф-26020	Маркова Могила	Markova Mohyla	курган	Миколаївська обл.	р-н Доманівський	"N 47° 30’ 56"""	"E 31° 4’ 51"""
Ф-2606	Солона	Solona	річка, що пересихає	Миколаївська обл.		"N 47° 33’ 50"""	"E 31° 46’ 33"""
Ф-2613	Сухий Яланець	Sukhyi Yalanets	річка, що пересихає	Миколаївська обл.		"N 47° 10’ 50"""	"E 31° 51’ 0"""
Ф-2614	Софіївське	Sofiivske	водосховище	Миколаївська обл.		"N 47° 43’ 45"""	"E 32° 21’ 40"""
Ф-26143	Линкіна	Lynkina	балка	Миколаївська обл.	р-н Новоодеський	"N 47° 30’ 52"""	"E 32° 2’ 16"""
Ф-2616	Казенний	Kazennyi	став	Миколаївська обл.		"N 47° 52’ 35"""	"E 32° 48’ 40"""
Ф-26185	Максимінська	Maksyminska	балка	Миколаївська обл.	р-н Веселинівський	"N 47° 21’ 46"""	"E 31° 10’ 26"""
Ф-2619	Царега	Tsareha	річка	Миколаївська обл., Одеська обл.		"N 46° 55’ 55"""	"E 31° 8’ 18"""
Ф-2620	Березанський лиман	Berezanskyi lyman	лиман	Миколаївська обл.		"N 46° 43’ 25"""	"E 31° 31’ 10"""
Ф-2625	Жовтневе	Zhovtneve	водосховище	Миколаївська обл.	р-н Миколаївський	"N 46° 53’ 25"""	"E 32° 5’ 15"""
Ф-26266	Луківська	Lukivska	балка	Миколаївська обл.	р-н Арбузинський	"N 48° 7’ 15"""	"E 31° 17’ 17"""
Ф-2627	Солонець	Solonets	озеро	Миколаївська обл.	р-н Очаківський	"N 46° 38’ 0"""	"E 31° 47’ 42"""
Ф-2628	Чирнине	Chyrnyne	озеро	Миколаївська обл.	р-н Очаківський	"N 46° 28’ 12"""	"E 31° 40’ 10"""
Ф-2630	Кругле	Kruhle	озеро, що пересихає	Миколаївська обл.	р-н Очаківський	"N 46° 29’ 10"""	"E 31° 47’ 50"""
Ф-2631	Чистишине	Chystyshyne	озеро, що пересихає	Миколаївська обл.	р-н Очаківський	"N 46° 30’ 40"""	"E 31° 46’ 42"""
Ф-2633	Лисе	Lyse	озеро, що пересихає	Миколаївська обл.	р-н Очаківський	"N 46° 30’ 40"""	"E 31° 48’ 50"""
Ф-2635	Красне	Krasne	озеро	Миколаївська обл., Херсонська обл.	р-н Очаківський	"N 46° 30’ 42"""	"E 31° 51’ 5"""
Ф-26350	Ленінська Роща	Leninska Roshcha	урочище	Миколаївська обл.	р-н Казанківський	"N 47° 31’ 31"""	"E 33° 4’ 2"""
Ф-2636	Солонець Тузли	Solonets Tuzly	став	Миколаївська обл.		"N 46° 39’ 10"""	"E 31° 23’ 25"""
Ф-2638	Бейкуський лиман	Beikuskyi lyman	лиман	Миколаївська обл.		"N 46° 37’ 55"""	"E 31° 28’ 30"""
Ф-26413	Леонопольська	Leonopolska	балка	Миколаївська обл.	р-н Новоодеський	"N 47° 24’ 1"""	"E 31° 55’ 17"""
Ф-26477	Мале Артакове	Male Artakove	урочище	Миколаївська обл.	р-н Березнегуватський	"N 47° 11’ 35"""	"E 33° 2’ 39"""
Ф-26574	Курська	Kurska	балка	Миколаївська обл.	р-н Березнегуватський	"N 47° 22’ 6"""	"E 32° 58’ 42"""
Ф-26601	Лозова	Lozova	балка	Миколаївська обл.	р-н Казанківський	"N 47° 52’ 30"""	"E 32° 52’ 5"""
Ф-26684	Мала Романівка	Mala Romanivka	урочище	Миколаївська обл.	р-н Березнегуватський	"N 47° 26’ 41"""	"E 32° 58’ 8"""
Ф-26741	Куца	Kutsa	балка	Миколаївська обл.	р-н Новобузький	"N 47° 41’ 3"""	"E 32° 19’ 44"""
Ф-26761	Лисячі Нірки	Lysiachi Nirky	балка	Миколаївська обл.	р-н Врадіївський	"N 47° 48’ 42"""	"E 30° 41’ 2"""
Ф-26779	Прирізка	Pryrizka	урочище	Миколаївська обл.	р-н Доманівський	"N 47° 44’ 56"""	"E 31° 7’ 42"""
Ф-26808	Пономарева	Ponomareva	балка	Миколаївська обл.	р-н Новоодеський	"N 47° 13’ 10"""	"E 31° 49’ 22"""
Ф-26825	Розвилка	Rozvylka	балка	Миколаївська обл.	р-н Баштанський	"N 47° 16’ 49"""	"E 32° 22’ 35"""
Ф-26881	Пронькова	Pronkova	балка	Миколаївська обл.	р-н Доманівський	"N 47° 44’ 53"""	"E 31° 3’ 53"""
Ф-26933	Ракова	Rakova	балка	Миколаївська обл.	р-н Вітовський	"N 47° 4’ 54"""	"E 32° 28’ 20"""
Ф-26934	Ракова	Rakova	балка	Миколаївська обл.	р-н Єланецький	"N 47° 45’ 34"""	"E 31° 48’ 38"""
Ф-26978	Попова	Popova	балка	Миколаївська обл.	р-н Первомайський	"N 48° 9’ 11"""	"E 30° 32’ 33"""
Ф-26979	Попова	Popova	балка	Миколаївська обл.	р-н Веселинівський	"N 47° 20’ 44"""	"E 31° 28’ 13"""
Ф-26980	Попова	Popova	балка	Миколаївська обл.	р-н Веселинівський	"N 47° 20’ 22"""	"E 31° 26’ 4"""
Ф-26984	Попова	Popova	балка	Миколаївська обл.	р-н Арбузинський	"N 47° 59’ 34"""	"E 31° 10’ 40"""
Ф-26985	Попова	Popova	балка	Миколаївська обл.	р-н Арбузинський	"N 47° 54’ 13"""	"E 31° 8’ 19"""
Ф-27135	Поперечна	Poperechna	балка	Миколаївська обл.	р-н Казанківський	"N 47° 29’ 7"""	"E 32° 55’ 18"""
Ф-27154	Розірвана Гребля	Rozirvana Hreblia	балка	Миколаївська обл.	р-н Миколаївський	"N 47° 9’ 26"""	"E 31° 39’ 20"""
Ф-27272	Рудєва	Rudieva	балка	Миколаївська обл.	р-н Новоодеський	"N 47° 15’ 32"""	"E 31° 48’ 12"""
Ф-27358	Рогачики	Rohachyky	урочище	Миколаївська обл.	р-н Вітовський	"N 47° 10’ 13"""	"E 32° 12’ 26"""
Ф-27370	Русановичева	Rusanovycheva	балка	Миколаївська обл.	р-н Арбузинський	"N 47° 58’ 53"""	"E 31° 5’ 41"""
Ф-27385	П'ята	Piata	балка	Миколаївська обл.	р-н Первомайський	"N 48° 8’ 50"""	"E 30° 57’ 35"""
Ф-27392	Розкопана	Rozkopana	курган	Миколаївська обл.	р-н Очаківський	"N 46° 50’ 11"""	"E 31° 37’ 41"""
Ф-27412	Рошковата	Roshkovata	балка	Миколаївська обл.	р-н Новоодеський	"N 47° 26’ 34"""	"E 31° 58’ 38"""
Ф-27422	Прищепівка	Pryshchepivka	урочище	Миколаївська обл.	р-н Братський	"N 47° 56’ 0"""	"E 31° 34’ 35"""
Ф-27451	Попів Під	Popiv Pid	урочище	Миколаївська обл.	р-н Казанківський	"N 47° 33’ 57"""	"E 32° 50’ 1"""
Ф-27572	Показне	Pokazne	урочище	Миколаївська обл.	р-н Новобузький	"N 47° 34’ 53"""	"E 32° 41’ 54"""
Ф-27602	Проявина	Proiavyna	курган	Миколаївська обл.	р-н Березанський	"N 46° 45’ 21"""	"E 31° 12’ 54"""
Ф-27608	Прусакова	Prusakova	балка	Миколаївська обл.	р-н Єланецький	"N 47° 35’ 37"""	"E 32° 0’ 52"""
Ф-27679	Рогова	Rohova	балка	Миколаївська обл.	р-н Єланецький	"N 47° 38’ 6"""	"E 32° 3’ 55"""
Ф-27680	Рогова	Rohova	балка	Миколаївська обл.	р-н Єланецький	"N 47° 36’ 28"""	"E 32° 4’ 41"""
Ф-27685	Рогозіне	Rohozine	урочище	Миколаївська обл.	р-н Казанківський	"N 47° 35’ 22"""	"E 32° 59’ 29"""
Ф-27686	Рогозова	Rohozova	балка	Миколаївська обл.	р-н Новоодеський	"N 47° 11’ 23"""	"E 31° 57’ 33"""
Ф-27770	Сагайдак	Sahaidak	балка	Миколаївська обл.	р-н Новобузький	"N 47° 46’ 25"""	"E 32° 27’ 31"""
Ф-27772	Сагайдак	Sahaidak	балка	Миколаївська обл.	р-н Казанківський	"N 47° 58’ 9"""	"E 32° 43’ 2"""
Ф-27831	Сагайдак	Sahaidak	балка	Миколаївська обл.	р-н Новобузький	"N 47° 48’ 5"""	"E 32° 32’ 42"""
Ф-27975	Пугача	Puhacha	балка	Миколаївська обл.	р-н Баштанський	"N 47° 12’ 48"""	"E 32° 12’ 51"""
Ф-28039	Об'їзна	Obizna	балка	Миколаївська обл.	р-н Веселинівський	"N 47° 22’ 26"""	"E 31° 19’ 33"""
Ф-28094	Паралуцова	Paralutsova	балка	Миколаївська обл.	р-н Новоодеський	"N 47° 15’ 34"""	"E 31° 51’ 51"""
Ф-28148	Очеретянна	Ocheretianna	балка	Миколаївська обл.	р-н Первомайський	"N 48° 3’ 22"""	"E 31° 1’ 25"""
Ф-28189	Остапівська	Ostapivska	балка	Миколаївська обл.	р-н Арбузинський	"N 48° 2’ 2"""	"E 31° 3’ 58"""
Ф-28329	Осикова	Osykova	балка	Миколаївська обл.	р-н Арбузинський	"N 47° 51’ 28"""	"E 31° 22’ 19"""
Ф-28334	Осикова Балка	Osykova Balka	урочище	Миколаївська обл.	р-н Арбузинський	"N 47° 51’ 33"""	"E 31° 23’ 24"""
Ф-28441	Олександрівська	Oleksandrivska	курган	Миколаївська обл.	р-н Березанський	"N 46° 56’ 20"""	"E 31° 18’ 45"""
Ф-28449	Олексіївка	Oleksiivka	урочище	Миколаївська обл.	р-н Братський	"N 47° 55’ 22"""	"E 31° 41’ 43"""
Ф-28551	Південна	Pivdenna	балка	Миколаївська обл.	р-н Арбузинський	"N 48° 7’ 12"""	"E 31° 16’ 51"""
Ф-28554	Новопавлівка	Novopavlivka	урочище	Миколаївська обл.	р-н Єланецький	"N 47° 46’ 36"""	"E 31° 47’ 2"""
Ф-28562	Новоселівка	Novoselivka	урочище	Миколаївська обл.	р-н Врадіївський	"N 47° 44’ 48"""	"E 30° 29’ 0"""
Ф-28563	Новоселівка	Novoselivka	урочище	Миколаївська обл.	р-н Новобузький	"N 47° 32’ 15"""	"E 32° 37’ 59"""
Ф-28564	Новоселівка	Novoselivka	урочище	Миколаївська обл.	р-н Казанківський	"N 47° 48’ 48"""	"E 32° 59’ 36"""
Ф-28569	Новосергіївка	Novoserhiivka	урочище	Миколаївська обл.	р-н Казанківський	"N 47° 44’ 0"""	"E 32° 57’ 56"""
Ф-28629	Новостепанівка	Novostepanivka	урочище	Миколаївська обл.	р-н Врадіївський	"N 47° 42’ 13"""	"E 30° 34’ 23"""
Ф-28630	Новостепанівка	Novostepanivka	урочище	Миколаївська обл.	р-н Врадіївський	"N 47° 42’ 13"""	"E 30° 34’ 24"""
Ф-28656	Паточне	Patochne	урочище	Миколаївська обл.	р-н Миколаївський	"N 47° 2’ 19"""	"E 31° 49’ 59"""
Ф-28753	Олена-Калинівка	Olena-Kalynivka	урочище	Миколаївська обл.	р-н Новобузький	"N 47° 46’ 56"""	"E 32° 28’ 36"""
Ф-28872	Новофедотівка	Novofedotivka	урочище	Миколаївська обл.	р-н Новобузький	"N 47° 35’ 56"""	"E 32° 33’ 57"""
Ф-28903	Перша	Persha	балка	Миколаївська обл.	р-н Первомайський	"N 48° 9’ 7"""	"E 30° 52’ 59"""
Ф-28975	Перше Травня	Pershe Travnia	урочище	Миколаївська обл.	р-н Доманівський	"N 47° 32’ 38"""	"E 30° 52’ 2"""
Ф-28976	Перше Травня	Pershe Travnia	урочище	Миколаївська обл.	р-н Казанківський	"N 47° 44’ 41"""	"E 33° 3’ 36"""
Ф-28999	Пигида	Pyhyda	урочище	Миколаївська обл.	р-н Арбузинський	"N 47° 54’ 41"""	"E 31° 11’ 1"""
Ф-29042	Очаківська	Ochakivska	курган	Миколаївська обл.	р-н Очаківський	"N 46° 40’ 48"""	"E 31° 50’ 22"""
Ф-29044	Очеретина	Ocheretyna	балка	Миколаївська обл.	р-н Казанківський	"N 47° 48’ 31"""	"E 33° 3’ 30"""
Ф-29184	Перепелицина	Perepelytsyna	балка	Миколаївська обл.	р-н Доманівський	"N 47° 48’ 4"""	"E 31° 5’ 36"""
Ф-29186	Перервана	Perervana	балка	Миколаївська обл.	р-н Арбузинський	"N 48° 3’ 52"""	"E 31° 12’ 53"""
Ф-29356	Соловйова	Soloviova	балка	Миколаївська обл.	р-н Арбузинський	"N 48° 2’ 29"""	"E 31° 21’ 22"""
Ф-29360	Солодка	Solodka	балка	Миколаївська обл.	р-н Новоодеський	"N 47° 8’ 7"""	"E 31° 52’ 43"""
Ф-29477	Харитонова	Kharytonova	балка	Миколаївська обл.	р-н Вознесенський	"N 47° 26’ 33"""	"E 31° 31’ 12"""
Ф-29487	Терновата	Ternovata	балка	Миколаївська обл.	р-н Новобузький	"N 47° 34’ 9"""	"E 32° 18’ 43"""
Ф-29603	Точка	Tochka	урочище	Миколаївська обл.	р-н Доманівський	"N 47° 37’ 3"""	"E 31° 7’ 24"""
Ф-29614	Філатова	Filatova	балка	Миколаївська обл.	р-н Вітовський	"N 47° 4’ 18"""	"E 32° 26’ 34"""
Ф-29685	Фонтанка	Fontanka	урочище	Миколаївська обл.	р-н Казанківський	"N 47° 33’ 54"""	"E 32° 57’ 1"""
Ф-29686	Фонтанна	Fontanna	балка	Миколаївська обл.	р-н Баштанський	"N 47° 20’ 28"""	"E 32° 8’ 33"""
Ф-29687	Фонтанна	Fontanna	балка	Миколаївська обл.	р-н Миколаївський	"N 47° 2’ 41"""	"E 31° 31’ 20"""
Ф-29713	Трудофадіївка	Trudofadiivka	урочище	Миколаївська обл.	р-н Арбузинський	"N 47° 58’ 17"""	"E 31° 23’ 33"""
Ф-29723	Тернувата	Ternuvata	балка	Миколаївська обл.	р-н Казанківський	"N 47° 54’ 30"""	"E 32° 51’ 43"""
Ф-29748	Солониха	Solonykha	урочище	Миколаївська обл.	р-н Миколаївський	"N 47° 5’ 5"""	"E 31° 42’ 6"""
Ф-29771	Хуторська	Khutorska	балка	Миколаївська обл.	р-н Березанський	"N 46° 54’ 50"""	"E 31° 14’ 38"""
Ф-29842	Тартакій	Tartakii	балка	Миколаївська обл.	р-н Веселинівський	"N 47° 20’ 49"""	"E 30° 54’ 32"""
Ф-29898	Сто-Могил	Sto-Mohyl	урочище	Миколаївська обл.	р-н Очаківський	"N 46° 41’ 18"""	"E 31° 53’ 52"""
Ф-29928	Третя	Tretia	балка	Миколаївська обл.	р-н Первомайський	"N 48° 9’ 14"""	"E 30° 54’ 49"""
Ф-29973	Сафронова	Safronova	курган	Миколаївська обл.	р-н Очаківський	"N 46° 44’ 3"""	"E 31° 51’ 17"""
Ф-30057	Сичева	Sycheva	балка	Миколаївська обл.	р-н Баштанський	"N 47° 18’ 59"""	"E 32° 8’ 53"""
Ф-30100	Тулпанчин Яр	Tulpanchyn Yar	урочище	Миколаївська обл.	р-н Врадіївський	"N 47° 52’ 52"""	"E 30° 32’ 58"""
Ф-30136	Соплиста	Soplysta	гора	Миколаївська обл.	р-н Арбузинський	"N 47° 48’ 25"""	"E 31° 23’ 16"""
Ф-30137	Соплиста	Soplysta	балка	Миколаївська обл.	р-н Вознесенський	"N 47° 46’ 46"""	"E 31° 23’ 26"""
Ф-30192	Солдатська	Soldatska	балка	Миколаївська обл.	р-н Новоодеський	"N 47° 8’ 57"""	"E 32° 1’ 10"""
Ф-30227	Таторівська	Tatorivska	балка	Миколаївська обл.	р-н Миколаївський	"N 47° 3’ 46"""	"E 31° 31’ 19"""
Ф-30307	Три-Могили	Try-Mohyly	курган	Миколаївська обл.	р-н Очаківський	"N 46° 46’ 7"""	"E 31° 49’ 28"""
Ф-30341	Тернівка	Ternivka	балка	Миколаївська обл.	р-н Новоодеський	"N 47° 8’ 16"""	"E 31° 56’ 56"""
Ф-30343	Степове	Stepove	урочище	Миколаївська обл.	р-н Снігурівський	"N 46° 55’ 34"""	"E 32° 34’ 26"""
Ф-30403	Тернівка	Ternivka	балка	Миколаївська обл.	Миколаївська міськрада	"N 47° 6’ 32"""	"E 32° 2’ 6"""
Ф-30405	Тернова	Ternova	балка	Миколаївська обл.	р-н Новоодеський	"N 47° 6’ 2"""	"E 31° 57’ 40"""
Ф-30416	Турецька	Turetska	курган	Миколаївська обл.	р-н Очаківський	"N 46° 41’ 30"""	"E 31° 31’ 49"""
Ф-30429	Скицькова	Skytskova	балка	Миколаївська обл.	р-н Баштанський	"N 47° 23’ 20"""	"E 32° 20’ 46"""
Ф-30456	Семенова	Semenova	балка	Миколаївська обл.	р-н Вознесенський	"N 47° 28’ 50"""	"E 31° 31’ 26"""
Ф-30458	Семено-Василівка	Semeno-Vasylivka	урочище	Миколаївська обл.	р-н Новобузький	"N 47° 47’ 37"""	"E 32° 37’ 22"""
Ф-30483	Радгоспівська	Radhospivska	балка	Миколаївська обл.	р-н Братський	"N 48° 1’ 2"""	"E 31° 28’ 36"""
Ф-30500	Сотника	Sotnyka	балка	Миколаївська обл.	р-н Єланецький	"N 47° 39’ 6"""	"E 32° 1’ 51"""
Ф-30546	Суха	Sukha	балка	Миколаївська обл.	р-н Баштанський	"N 47° 14’ 19"""	"E 32° 11’ 51"""
Ф-30564	Раздера	Razdera	балка	Миколаївська обл.	р-н Новоодеський	"N 47° 21’ 52"""	"E 31° 43’ 10"""
Ф-30565	Разділ	Razdil	балка	Миколаївська обл.	р-н Єланецький	"N 47° 43’ 7"""	"E 32° 1’ 30"""
Ф-30567	Размерицька	Razmerytska	балка	Миколаївська обл.	р-н Арбузинський	"N 47° 58’ 49"""	"E 31° 4’ 37"""
Ф-30613	Сметана	Smetana	урочище	Миколаївська обл.	р-н Первомайський	"N 47° 50’ 49"""	"E 30° 50’ 46"""
Ф-30643	Розумівка	Rozumivka	балка	Миколаївська обл.	р-н Врадіївський	"N 47° 49’ 3"""	"E 30° 43’ 27"""
Ф-30682	Ставкова	Stavkova	балка	Миколаївська обл.	р-н Новобузький	"N 47° 44’ 12"""	"E 32° 20’ 38"""
Ф-30731	Поди	Pody	урочище	Миколаївська обл.	р-н Очаківський	"N 46° 46’ 18"""	"E 31° 46’ 15"""
Ф-30781	Суха	Sukha	балка	Миколаївська обл.	р-н Вознесенський	"N 47° 26’ 35"""	"E 31° 9’ 36"""
Ф-30782	Суха	Sukha	балка	Миколаївська обл.	р-н Веселинівський	"N 47° 23’ 55"""	"E 31° 14’ 35"""
Ф-30783	Суха	Sukha	балка	Миколаївська обл.	р-н Єланецький	"N 47° 43’ 40"""	"E 32° 4’ 38"""
Ф-30784	Суха	Sukha	балка	Миколаївська обл.	р-н Баштанський	"N 47° 35’ 21"""	"E 32° 11’ 35"""
Ф-30857	Сербулів Яр	Serbuliv Yar	урочище	Миколаївська обл.	р-н Врадіївський	"N 47° 51’ 58"""	"E 30° 25’ 37"""
Ф-30864	Старокондакове	Starokondakove	урочище	Миколаївська обл.	р-н Снігурівський	"N 47° 1’ 9"""	"E 32° 50’ 32"""
Ф-30894	Раківська	Rakivska	балка	Миколаївська обл.	р-н Вознесенський	"N 47° 33’ 17"""	"E 31° 26’ 7"""
Ф-31054	Скаженна	Skazhenna	курган	Миколаївська обл.	р-н Миколаївський	"N 46° 52’ 48"""	"E 31° 52’ 38"""
Ф-31076	Скотовата	Skotovata	балка	Миколаївська обл.	р-н Баштанський	"N 47° 12’ 49"""	"E 32° 17’ 27"""
Ф-31153	Скуратова	Skuratova	курган	Миколаївська обл.	р-н Очаківський	"N 46° 42’ 36"""	"E 31° 50’ 2"""
Ф-31305	Суха Деренюха	Sukha Dereniukha	балка	Миколаївська обл.	р-н Первомайський	"N 48° 9’ 2"""	"E 30° 33’ 9"""
Ф-31419	П'ятихатки	Piatykhatky	урочище	Миколаївська обл.	р-н Казанківський	"N 47° 34’ 39"""	"E 32° 54’ 39"""
Ф-31421	П'ятихатська	Piatykhatska	балка	Миколаївська обл.	р-н Казанківський	"N 47° 33’ 37"""	"E 32° 54’ 51"""
Ф-31443	Сосицька	Sosytska	курган	Миколаївська обл.	р-н Березанський	"N 46° 47’ 58"""	"E 31° 22’ 34"""
Ф-31623	Суворова	Suvorova	балка	Миколаївська обл.	р-н Новоодеський	"N 47° 29’ 6"""	"E 31° 45’ 32"""
Ф-31625	Судакова	Sudakova	балка	Миколаївська обл.	р-н Казанківський	"N 47° 39’ 8"""	"E 32° 50’ 37"""
Ф-31712	Люблінська	Liublinska	курган	Миколаївська обл.	р-н Березанський	"N 46° 56’ 51"""	"E 31° 12’ 16"""
Ф-31720	Могила-Південні Пузирі	Mohyla-Pivdenni Puzyri	курган	Миколаївська обл.	р-н Вітовський	"N 46° 49’ 0"""	"E 32° 8’ 57"""
Ф-31721	Могила-Розмарецька	Mohyla-Rozmaretska	курган	Миколаївська обл.	р-н Арбузинський	"N 47° 57’ 22"""	"E 31° 4’ 7"""
Ф-31804	Чемерли	Chemerly	курган	Миколаївська обл.	р-н Миколаївський	"N 46° 53’ 47"""	"E 31° 38’ 45"""
Ф-31816	Чубовська	Chubovska	курган	Миколаївська обл.	р-н Миколаївський	"N 47° 7’ 10"""	"E 31° 46’ 42"""
Ф-31945	Лозоватка	Lozovatka	балка	Миколаївська обл.	р-н Казанківський	"N 47° 38’ 47"""	"E 32° 55’ 33"""
Ф-32000	Ясна Поляна	Yasna Poliana	урочище	Миколаївська обл.	р-н Казанківський	"N 47° 51’ 29"""	"E 32° 43’ 43"""
Ф-32015	Ташлик	Tashlyk	балка	Миколаївська обл.	р-н Арбузинський	"N 47° 54’ 17"""	"E 31° 12’ 47"""
Ф-32018	Хомутець	Khomutets	урочище	Миколаївська обл.	р-н Братський	"N 47° 45’ 57"""	"E 31° 31’ 1"""
Ф-32084	Шпакова	Shpakova	балка	Миколаївська обл.	р-н Миколаївський	"N 47° 5’ 54"""	"E 31° 46’ 44"""
Ф-32116	Чухунова	Chukhunova	балка	Миколаївська обл.	р-н Баштанський	"N 47° 15’ 48"""	"E 32° 11’ 9"""
Ф-32130	Лідина	Lidyna	балка	Миколаївська обл.	р-н Доманівський	"N 47° 47’ 35"""	"E 31° 10’ 20"""
Ф-32292	Чорбова Балка	Chorbova Balka	урочище	Миколаївська обл.	р-н Доманівський	"N 47° 31’ 7"""	"E 30° 55’ 1"""
Ф-32298	Шпиль	Shpyl	гора	Миколаївська обл.	р-н Арбузинський	"N 47° 59’ 55"""	"E 31° 17’ 17"""
Ф-32302	Шпильки	Shpylky	урочище	Миколаївська обл.	р-н Доманівський	"N 47° 34’ 3"""	"E 30° 47’ 3"""
Ф-32456	Янкель	Yankel	урочище	Миколаївська обл.	р-н Первомайський	"N 47° 53’ 29"""	"E 31° 1’ 55"""
Ф-32458	Янкувате	Yankuvate	урочище	Миколаївська обл.	р-н Березнегуватський	"N 47° 20’ 58"""	"E 32° 47’ 5"""
Ф-32492	Чотири Могили	Chotyry Mohyly	урочище	Миколаївська обл.	р-н Очаківський	"N 46° 42’ 31"""	"E 31° 51’ 34"""
Ф-32538	Чубарівка	Chubarivka	балка	Миколаївська обл.	р-н Доманівський	"N 47° 43’ 20"""	"E 31° 7’ 28"""
Ф-32576	Хорькова	Khorkova	балка	Миколаївська обл.	р-н Снігурівський	"N 47° 11’ 53"""	"E 32° 40’ 23"""
Ф-32680	Чернишівка	Chernyshivka	урочище	Миколаївська обл.	р-н Новобузький	"N 47° 45’ 0"""	"E 32° 41’ 43"""
Ф-32710	Петрівка	Petrivka	урочище	Миколаївська обл.	р-н Казанківський	"N 47° 38’ 37"""	"E 32° 58’ 6"""
Ф-32712	Новосеменівка	Novosemenivka	урочище	Миколаївська обл.	р-н Доманівський	"N 47° 29’ 37"""	"E 30° 57’ 16"""
Ф-32870	Широкий Лан	Shyrokyi Lan	урочище	Миколаївська обл.	р-н Арбузинський	"N 47° 51’ 2"""	"E 31° 18’ 39"""
Ф-32895	Фенна	Fenna	балка	Миколаївська обл.	р-н Новоодеський	"N 47° 21’ 29"""	"E 31° 40’ 40"""
Ф-32901	Хрестова	Khrestova	курган	Миколаївська обл.	р-н Очаківський	"N 46° 47’ 21"""	"E 31° 40’ 17"""
Ф-32990	Шартова	Shartova	балка	Миколаївська обл.	р-н Баштанський	"N 47° 14’ 7"""	"E 32° 15’ 56"""
Ф-33059	Шварцева	Shvartseva	балка	Миколаївська обл.	р-н Доманівський	"N 47° 45’ 11"""	"E 31° 7’ 42"""
Ф-33078	Четверта	Chetverta	балка	Миколаївська обл.	р-н Первомайський	"N 48° 8’ 32"""	"E 30° 56’ 47"""
Ф-33091	Вершина	Vershyna	урочище	Миколаївська обл.	р-н Миколаївський	"N 47° 3’ 31"""	"E 31° 41’ 2"""
Ф-33092	Веселий Кут	Veselyi Kut	урочище	Миколаївська обл.	р-н Миколаївський	"N 47° 1’ 20"""	"E 31° 31’ 22"""
Ф-33141	Яшкина	Yashkyna	балка	Миколаївська обл.	р-н Первомайський	"N 48° 2’ 55"""	"E 31° 3’ 32"""
Ф-33147	Ахтенова	Akhtenova	балка	Миколаївська обл.	р-н Арбузинський	"N 47° 49’ 35"""	"E 31° 18’ 52"""
Ф-33154	Широка	Shyroka	балка	Миколаївська обл.	р-н Березнегуватський	"N 47° 26’ 17"""	"E 32° 48’ 45"""
Ф-33158	Широка	Shyroka	балка	Миколаївська обл.	р-н Баштанський	"N 47° 10’ 55"""	"E 32° 11’ 37"""
Ф-33168	Ягодзинська	Yahodzynska	балка	Миколаївська обл.	р-н Арбузинський	"N 47° 58’ 24"""	"E 31° 6’ 21"""
Ф-33207	Білозерська	Bilozerska	балка	Миколаївська обл.	р-н Вітовський	"N 47° 3’ 8"""	"E 32° 26’ 54"""
Ф-33264	Шишева	Shysheva	балка	Миколаївська обл.	р-н Новоодеський	"N 47° 9’ 26"""	"E 31° 52’ 28"""
Ф-33265	Шишева	Shysheva	балка	Миколаївська обл.	р-н Новоодеський	"N 47° 10’ 26"""	"E 31° 53’ 30"""
Ф-33331	Хлібна Круча	Khlibna Krucha	балка	Миколаївська обл.	р-н Доманівський	"N 47° 24’ 50"""	"E 30° 57’ 44"""
Ф-33364	Шевцова	Shevtsova	балка	Миколаївська обл.	р-н Казанківський	"N 47° 42’ 25"""	"E 32° 52’ 33"""
Ф-33366	Шевцова	Shevtsova	балка	Миколаївська обл.	р-н Первомайський	"N 47° 55’ 4"""	"E 31° 3’ 7"""
Ф-33367	Шевченка	Shevchenka	урочище	Миколаївська обл.	р-н Баштанський	"N 47° 14’ 3"""	"E 32° 23’ 11"""
Ф-33413	Чабанка	Chabanka	балка	Миколаївська обл.	р-н Братський	"N 47° 53’ 37"""	"E 31° 28’ 57"""
Ф-33414	Чабанка	Chabanka	урочище	Миколаївська обл.	р-н Казанківський	"N 47° 46’ 33"""	"E 32° 45’ 13"""
Ф-33484	Чабанюки	Chabaniuky	урочище	Миколаївська обл.	р-н Доманівський	"N 47° 49’ 9"""	"E 30° 54’ 36"""
Ф-33573	Тимофіївка	Tymofiivka	урочище	Миколаївська обл.	р-н Казанківський	"N 47° 49’ 40"""	"E 32° 42’ 27"""
Ф-33629	Женевська	Zhenevska	балка	Миколаївська обл.	р-н Новоодеський	"N 47° 21’ 57"""	"E 31° 48’ 15"""
Ф-33790	Широка Могила	Shyroka Mohyla	курган	Миколаївська обл.	р-н Березнегуватський	"N 47° 9’ 50"""	"E 32° 50’ 18"""
Ф-33862	Аджигол	Adzhyhol	мис	Миколаївська обл.		"N 46° 36’ 36"""	"E 31° 47’ 44"""
Ф-33920	Карабуш	Karabush	лиман	Миколаївська обл.	р-н Березанський	"N 46° 37’ 14"""	"E 31° 16’ 47"""
Ф-33969	Кінбурнський півострів	Kinburnskyi pivostriv	півострів	Миколаївська обл.		"N 46° 30’ 0"""	"E 31° 48’ 0"""
Ф-34976	Могила Хрестова	Mohyla Khrestova	урочище	Миколаївська обл.	р-н Доманівський	"N 47° 49’ 17"""	"E 31° 3’ 35"""
Ф-34990	Малий Ташлик	Malyi Tashlyk	балка	Миколаївська обл.	"Первомайська міськрада, р-н
Первомайський"	"N 48° 3’ 55"""	"E 30° 56’ 23"""
Ф-35173	Найдьонова	Naidonova	балка	Миколаївська обл.	р-н Березнегуватський	"N 47° 17’ 21"""	"E 33° 5’ 51"""
Ф-35272	Бабинове	Babynove	урочище	Миколаївська обл.	"р-н Вознесенський, р-н
Доманівський"	"N 47° 31’ 55"""	"E 31° 11’ 2"""
Ф-35273	Княжа Балка	Kniazha Balka	урочище	Миколаївська обл.	"р-н Вознесенський, р-н
Доманівський"	"N 47° 30’ 29"""	"E 31° 6’ 42"""
Ф-35289	Калинівка	Kalynivka	урочище	Миколаївська обл.	р-н Врадіївський, р-н Первомайський	"N 47° 49’ 16"""	"E 30° 46’ 12"""
Ф-35299	Кам'янувата	Kamianuvata	балка	Миколаївська обл.	"Миколаївська міськрада, р-н
Новоодеський"	"N 47° 3’ 39"""	"E 31° 58’ 34"""
Ф-35339	Добра	Dobra	балка	Миколаївська обл.	"р-н Березнегуватський, р-н
Новобузький"	"N 47° 33’ 40"""	"E 32° 42’ 22"""
Ф-35350	Батрацька	Batratska	балка	Миколаївська обл.	"р-н Арбузинський, р-н
Первомайський"	"N 47° 58’ 59"""	"E 31° 1’ 52"""
Ф-36912	Скельний берег	Skelnyi bereh	гора	Миколаївська обл.	р-н Первомайський	"N 47° 58’ 16"""	"E 31° 2’ 11"""
Ф-38050	Дубова Балка	Dubova Balka	ліс	Миколаївська обл.	р-н Братський	"N 47° 54’ 0"""	"E 31° 36’ 27"""
Ф-40025	Пташиний	Ptashynyi	ліс	Миколаївська обл.	р-н Братський	"N 47° 51’ 29"""	"E 31° 36’ 29"""
Ф-4483	Новоселівка	Novoselivka	урочище	Миколаївська обл.	р-н Миколаївський	"N 46° 59’ 19"""	"E 31° 39’ 31"""
Ф-4491	Соколівка	Sokolivka	урочище	Миколаївська обл.	р-н Миколаївський	"N 46° 55’ 48"""	"E 31° 43’ 35"""
Ф-4493	Кут	Kut	урочище	Миколаївська обл.	р-н Миколаївський	"N 46° 56’ 30"""	"E 31° 52’ 10"""
Ф-4495	Ольгине	Olhyne	урочище	Миколаївська обл.	р-н Миколаївський	"N 46° 54’ 39"""	"E 31° 44’ 40"""
Ф-4497	Кам'яний Брід	Kamianyi Brid	урочище	Миколаївська обл.	р-н Миколаївський	"N 46° 54’ 18"""	"E 31° 35’ 52"""
Ф-4500	Ульянівка	Ulianivka	урочище	Миколаївська обл.	р-н Миколаївський	"N 46° 53’ 15"""	"E 31° 41’ 39"""
Ф-4509	Водяний	Vodianyi	урочище	Миколаївська обл.	р-н Березанський	"N 46° 49’ 46"""	"E 31° 30’ 50"""
Ф-4510	Михайлівське	Mychailivske	урочище	Миколаївська обл.	р-н Миколаївський	"N 46° 50’ 2"""	"E 31° 49’ 0"""
Ф-4512	Червоний	Chervonyi	урочище	Миколаївська обл.	р-н Очаківський	"N 46° 47’ 55"""	"E 31° 43’ 49"""
Ф-4514	Андріївка	Andriivka	урочище	Миколаївська обл.	р-н Очаківський	"N 46° 46’ 32"""	"E 31° 44’ 0"""
Ф-4516	Благодатне	Blahodatne	урочище	Миколаївська обл.	р-н Очаківський	"N 46° 44’ 30"""	"E 31° 44’ 0"""
Ф-4526	Васильки	Vasylky	урочище	Миколаївська обл.	р-н Миколаївський	"N 47° 4’ 37"""	"E 31° 37’ 49"""
Ф-4528	Веселий Кут	Veselyi Kut	урочище	Миколаївська обл.	р-н Миколаївський	"N 47° 3’ 23"""	"E 31° 31’ 40"""
Ф-4530	Постолати	Postolaty	урочище	Миколаївська обл.	р-н Миколаївський	"N 47° 2’ 54"""	"E 31° 37’ 8"""
Ф-4540	Лиман	Lyman	урочище	Миколаївська обл.	р-н Баштанський	"N 47° 15’ 42"""	"E 32° 14’ 58"""
Ф-4543	Плеса	Plesa	урочище	Миколаївська обл.	р-н Баштанський	"N 47° 13’ 30"""	"E 32° 14’ 38"""
Ф-4544	Кам'янка	Kamianka	урочище	Миколаївська обл.	р-н Новобузький	"N 47° 38’ 52"""	"E 32° 25’ 25"""
Ф-4550	Малий Став	Malyi Stav	урочище	Миколаївська обл.	р-н Новобузький	"N 47° 37’ 38"""	"E 32° 14’ 49"""
Ф-4552	Івано-Захаровка	Ivano-Zaharivka	урочище	Миколаївська обл.	р-н Новоодеський	"N 47° 33’ 8"""	"E 32° 8’ 22"""
Ф-4560	Новоантоновка	Novoantonovka	урочище	Миколаївська обл.	р-н Новобузький	"N 47° 33’ 10"""	"E 32° 25’ 51"""
Ф-4563	Конопляне	Konopliane	урочище	Миколаївська обл.	р-н Новоодеський	"N 47° 31’ 48"""	"E 32° 3’ 21"""
Ф-4565	Кухтинове	Kuchtynove	урочище	Миколаївська обл.	р-н Казанківський	"N 47° 34’ 19"""	"E 32° 51’ 33"""
Ф-45666	Каширівка	Kashyrivka	річка, що пересихає	Миколаївська обл.	р-н Казанківський	"N 48° 1’ 28"""	"E 32° 52’ 19"""
Ф-4569	Миргородка	Myrhorodka	урочище	Миколаївська обл.	р-н Казанківський	"N 47° 52’ 2"""	"E 32° 41’ 24"""
Ф-4574	Анастасівка	Anastasivka	урочище	Миколаївська обл.	р-н Новобузький	"N 47° 47’ 55"""	"E 32° 31’ 12"""
Ф-4575	Дяченків Сад	Diachenkiv Sad	урочище	Миколаївська обл.	р-н Новобузький	"N 47° 40’ 12"""	"E 32° 39’ 51"""
Ф-4580	Кирило-Антонівка	Kyrylo-Antonivka	урочище	Миколаївська обл.	р-н Єланецький	"N 47° 44’ 41"""	"E 32° 5’ 40"""
Ф-4582	Говоруни	Hovoruny	урочище	Миколаївська обл.	р-н Новобузький	"N 47° 45’ 1"""	"E 32° 29’ 12"""
Ф-45830	Татарське	Tatarske	озеро, що пересихає	Миколаївська обл.	р-н Очаківський	"N 46° 31’ 0"""	"E 31° 47’ 3"""
Ф-45831	Голе	Hole	озеро, що пересихає	Миколаївська обл.	р-н Очаківський	"N 46° 31’ 7"""	"E 31° 48’ 11"""
Ф-45832	Куровате	Kurovate	озеро	Миколаївська обл.	р-н Очаківський	"N 46° 30’ 52"""	"E 31° 49’ 34"""
Ф-45833	Спаська	Spaska	коса	Миколаївська обл.	Миколаївська міськрада	"N 46° 57’ 37"""	"E 31° 56’ 13"""
Ф-45834	Ліскова	Liskova	коса	Миколаївська обл.	Миколаївська міськрада	"N 46° 56’ 11"""	"E 31° 56’ 57"""
Ф-45835	Чилова	Chylova	коса	Миколаївська обл.	р-н Березанський	"N 46° 44’ 40"""	"E 31° 9’ 54"""
Ф-4584	Прищепове	Pryshchepove	урочище	Миколаївська обл.	р-н Братський	"N 47° 55’ 29"""	"E 31° 37’ 40"""
Ф-45861	Ожарська	Ozharska	коса	Миколаївська обл.	р-н Вітовський	"N 46° 47’ 22"""	"E 31° 55’ 44"""
Ф-45862	Руська	Ruska	коса	Миколаївська обл.	р-н Вітовський	"N 46° 44’ 56"""	"E 31° 56’ 19"""
Ф-45863	Волоська	Voloska	коса	Миколаївська обл.	р-н Очаківський	"N 46° 43’ 40"""	"E 31° 55’ 1"""
Ф-45864	Крива	Kryva	коса	Миколаївська обл.	Миколаївська міськрада	"N 46° 49’ 50"""	"E 31° 56’ 56"""
Ф-4587	Биченков	Bychenkov	урочище	Миколаївська обл.	р-н Братський	"N 47° 52’ 18"""	"E 31° 42’ 50"""
Ф-45897	Трутаєва	Trutaieva	банка	Миколаївська обл.	р-н Березанський	"N 46° 36’ 17"""	"E 31° 14’ 1"""
Ф-45898	Одеська	Odeska	банка	Миколаївська обл.	р-н Березанський	"N 46° 31’ 2"""	"E 31° 15’ 32"""
Ф-45899	Бузький	Buzkyi	лиман	Миколаївська обл.	р-н Вітовський	"N 46° 47’ 32"""	"E 31° 54’ 31"""
Ф-4590	Кислянки	Kyslianky	урочище	Миколаївська обл.	р-н Братський	"N 47° 51’ 18"""	"E 31° 47’ 20"""
Ф-4602	Червоні Кошари	Chervoni Koshary	урочище	Миколаївська обл.	р-н Братський	"N 47° 46’ 32"""	"E 31° 31’ 21"""
Ф-4605	Семено-Пилипівка	Semeno-Pylypivka	урочище	Миколаївська обл.	р-н Єланецький	"N 47° 48’ 1"""	"E 31° 59’ 20"""
Ф-4608	Бурдейне	Burdeine	урочище	Миколаївська обл.	р-н Єланецький	"N 47° 47’ 19"""	"E 31° 55’ 30"""
Ф-4609	Петропавлівське	Petropavlivske	урочище	Миколаївська обл.	р-н Братський	"N 47° 44’ 20"""	"E 31° 35’ 0"""
Ф-4611	Дружелюбівка	Druzheliubivka	урочище	Миколаївська обл.	р-н Вознесенський	"N 47° 40’ 35"""	"E 31° 34’ 48"""
Ф-46138	Дніпровсько-Бузький	Dniprovsko-Buzkyi	лиман	Миколаївська обл., Херсонська обл.		"N 46° 37’ 0"""	"E 31° 57’ 0"""
Ф-4618	Трудофадіївка	Trudofadiivka	урочище	Миколаївська обл.	р-н Арбузинський	"N 47° 58’ 18"""	"E 31° 22’ 42"""
Ф-4623	Хмаров	Hmarov	урочище	Миколаївська обл.	р-н Арбузинський	"N 47° 55’ 27"""	"E 31° 26’ 41"""
Ф-4624	Сережкине	Serezhkyne	урочище	Миколаївська обл.	р-н Доманівський	"N 47° 53’ 1"""	"E 31° 4’ 10"""
Ф-4627	Прирізка	Pryrizka	урочище	Миколаївська обл.	р-н Доманівський	"N 47° 44’ 57"""	"E 31° 7’ 40"""
Ф-4631	Червона Поляна	Chervona Poliana	урочище	Миколаївська обл.	р-н Кривоозерський	"N 47° 58’ 8"""	"E 30° 36’ 11"""
Ф-4632	Корецький Яр	Koretskyi Yar	урочище	Миколаївська обл.	р-н Врадіївський	"N 47° 52’ 12"""	"E 30° 30’ 28"""
Ф-4637	Новогригорівка	Novohryhorivka	урочище	Миколаївська обл.	р-н Врадіївський	"N 47° 50’ 45"""	"E 30° 41’ 50"""
Ф-4639	Скоробрехова	Skorobrehova	урочище	Миколаївська обл.	р-н Доманівський	"N 47° 48’ 10"""	"E 30° 59’ 1"""
Ф-4641	Веселе	Vesele	урочище	Миколаївська обл.	р-н Врадіївський	"N 47° 44’ 50"""	"E 30° 47’ 0"""
Ф-4642	Анатоліївка	Anatoliivka	урочище	Миколаївська обл.	р-н Первомайський	"N 48° 9’ 0"""	"E 30° 57’ 20"""
Ф-4647	Верхня Лозуватка	Verhnia Lozuvatka	урочище	Миколаївська обл.	р-н Первомайський	"N 48° 13’ 25"""	"E 31° 1’ 19"""
Ф-4649	Солдатське	Soldatske	урочище	Миколаївська обл.	"р-н Первомайський, р-н
Арбузинський"	"N 48° 9’ 14"""	"E 31° 11’ 30"""
Ф-4652	Новоблагодатне	Novoblahodatne	урочище	Миколаївська обл.	р-н Арбузинський	"N 48° 1’ 38"""	"E 31° 12’ 18"""
Ф-4667	Багрин	Bahryn	урочище	Миколаївська обл.	р-н Вознесенський	"N 47° 39’ 1"""	"E 31° 17’ 10"""
Ф-4670	Новохутірське	Novochutirske	урочище	Миколаївська обл.	р-н Доманівський	"N 47° 37’ 45"""	"E 31° 3’ 20"""
Ф-4672	Баришівка	Baryshivka	урочище	Миколаївська обл.	р-н Доманівський	"N 47° 36’ 40"""	"E 31° 6’ 11"""
Ф-4675	Лисичий	Lysychyi	урочище	Миколаївська обл.	р-н Доманівський	"N 47° 32’ 21"""	"E 31° 11’ 20"""
Ф-4677	Камишівка	Kamyshivka	урочище	Миколаївська обл.	р-н Доманівський	"N 47° 31’ 0"""	"E 31° 3’ 51"""
Ф-4678	Новоумань	Novouman	урочище	Миколаївська обл.	р-н Доманівський	"N 47° 29’ 20"""	"E 31° 4’ 30"""
Ф-4682	Лопатів	Lopativ	урочище	Миколаївська обл.	р-н Доманівський	"N 47° 29’ 9"""	"E 31° 2’ 35"""
Ф-4686	Тидрик	Tydryk	урочище	Миколаївська обл.	р-н Веселинівський	"N 47° 27’ 42"""	"E 31° 7’ 51"""
Ф-4688	Новоіллінка	Novoillinka	урочище	Миколаївська обл.	р-н Веселинівський	"N 47° 23’ 16"""	"E 31° 12’ 40"""
Ф-4690	Благовіщенка	Blahovishchenka	урочище	Миколаївська обл.	р-н Казанківський	"N 47° 50’ 30"""	"E 33° 3’ 21"""
Ф-4693	Володимирська Дача	Volodymyrska Dacha	урочище	Миколаївська обл.	р-н Казанківський	"N 47° 30’ 30"""	"E 33° 4’ 48"""
Ф-4698	Манжурія	Manzhuriia	урочище	Миколаївська обл.	"р-н Березнегуватський,р-н
Баштанський"	"N 47° 19’ 9"""	"E 32° 41’ 50"""
Ф-4707	Новофедорівка	Novofedorivka	урочище	Миколаївська обл.	р-н Березнегуватський	"N 47° 19’ 47"""	"E 32° 49’ 30"""
Ф-4711	Іванівка	Ivanivka	урочище	Миколаївська обл.	р-н Березнегуватський	"N 47° 17’ 40"""	"E 32° 41’ 41"""
Ф-4715	Рядові Могили	Riadovi Mohyly	урочище	Миколаївська обл.	р-н Березнегуватський	"N 47° 12’ 55"""	"E 32° 48’ 0"""
Ф-4728	Пастушенко	Pastushenko	урочище	Миколаївська обл.	р-н Березнегуватський	"N 47° 10’ 41"""	"E 32° 51’ 12"""
Ф-4733	Чернігівське	Chernihivske	урочище	Миколаївська обл.	р-н Березнегуватський	"N 47° 10’ 42"""	"E 32° 55’ 0"""
Ф-4735	Петрушки	Petrushky	урочище	Миколаївська обл.	"р-н Снігурівський, р-н
Березнегуватський"	"N 47° 8’ 40"""	"E 32° 49’ 30"""
Ф-4739	Червона Криниця	Chervona Krynytsia	урочище	Миколаївська обл.	р-н Березнегуватський	"N 47° 12’ 20"""	"E 33° 2’ 28"""
Ф-4741	Топило	Topylo	урочище	Миколаївська обл.	р-н Жовтневий	"N 46° 42’ 12"""	"E 32° 3’ 31"""
Ф-4743	Олександрівка	Oleksandrivka	урочище	Миколаївська обл.	р-н Снігурівський	"N 46° 56’ 29"""	"E 32° 58’ 20"""
Ф-4746	Cтешенкова	Steshenkova	урочище	Миколаївська обл.	р-н Снігурівський	"N 46° 55’ 10"""	"E 32° 54’ 30"""
Ф-4752	Хрестовий Яр	Hrestovyi Yar	урочище	Миколаївська обл.	р-н Очаківський	"N 46° 38’ 53"""	"E 31° 53’ 40"""
Ф-4757	Малосолончаки	Malosolonchaky	урочище	Миколаївська обл.	р-н Очаківський	"N 46° 38’ 43"""	"E 31° 48’ 0"""
Ф-4759	Грушки	Hrushky	урочище	Миколаївська обл.	р-н Очаківський	"N 46° 32’ 29"""	"E 31° 45’ 38"""
Ф-4762	Комендантське	Komendantske	урочище	Миколаївська обл.	р-н Очаківський	"N 46° 31’ 21"""	"E 31° 40’ 43"""
Ф-4765	Согласне	Sohlasne	урочище	Миколаївська обл.	р-н Очаківський	"N 46° 30’ 31"""	"E 31° 43’ 51"""
Ф-4766	Петрушене	Petrushene	урочище	Миколаївська обл.	р-н Очаківський	"N 46° 30’ 10"""	"E 31° 42’ 10"""
Ф-4772	Чагри	Chahry	урочище	Миколаївська обл.	р-н Кривоозерський	"N 48° 7’ 19"""	"E 30° 23’ 0"""
Ф-4796	Тющинків Яр	Tiushchіnkiv Yar	урочище	Миколаївська обл.	р-н Кривоозерський	"N 47° 52’ 8"""	"E 30° 29’ 11"""
Ф-4799	Ковдри	Kovdry	урочище	Миколаївська обл.	р-н Врадіївський	"N 47° 39’ 30"""	"E 30° 27’ 18"""
Ф-4816	Новоіванівка	Novoivanivka	урочище	Миколаївська обл.	р-н Врадіївський	"N 47° 39’ 55"""	"E 30° 28’ 50"""
Ф-4820	Новоукраїнка	Novoukrainka	урочище	Миколаївська обл.	р-н Врадіївський	"N 47° 37’ 42"""	"E 30° 29’ 12"""
Ф-4840	Веселий Розділ	Veselyi Rozdil	урочище	Миколаївська обл.	р-н Доманівський	"N 47° 39’ 51"""	"E 30° 51’ 50"""
Ф-4846	Зелений Гай	Zelenyi Hai	урочище	Миколаївська обл.	р-н Миколаївський	"N 47° 6’ 9"""	"E 31° 25’ 20"""
Ф-4848	Веселе	Vesele	урочище	Миколаївська обл.	р-н Миколаївський	"N 47° 5’ 31"""	"E 31° 29’ 11"""
Ф-4899	Долманове	Dolmanove	урочище	Миколаївська обл.	р-н Миколаївський	"N 47° 3’ 10"""	"E 31° 27’ 55"""
Ф-4901	Кіровка	Kirovka	урочище	Миколаївська обл.	р-н Миколаївський	"N 47° 1’ 18"""	"E 31° 27’ 30"""
Ф-4912	Кам'янка	Kamianka	урочище	Миколаївська обл.	р-н Березанський	"N 46° 49’ 11"""	"E 31° 26’ 40"""
Ф-4917	Солонці	Solontsi	урочище	Миколаївська обл.	р-н Березанський	"N 46° 45’ 40"""	"E 31° 29’ 30"""
Ф-4919	Шевченкове	Shevchenkove	урочище	Миколаївська обл.	р-н Єланецький	"N 47° 38’ 10"""	"E 31° 48’ 40"""
Ф-4926	Восіятське	Vosiiatske	урочище	Миколаївська обл.	р-н Єланецький	"N 47° 38’ 52"""	"E 31° 58’ 9"""
Ф-4930	Веселий Кут	Veselyi Kut	урочище	Миколаївська обл.	р-н Єланецький	"N 47° 37’ 59"""	"E 31° 59’ 1"""
Ф-4933	Запашка	Zapashka	урочище	Миколаївська обл.	р-н Вознесенський	"N 47° 34’ 31"""	"E 31° 35’ 11"""
Ф-4954	Улянівка	Ulianivka	урочище	Миколаївська обл.	р-н Єланецький	"N 47° 34’ 58"""	"E 31° 46’ 0"""
Ф-4961	Богданівка	Bohdanivka	урочище	Миколаївська обл.	р-н Вознесенський	"N 47° 33’ 29"""	"E 31° 33’ 8"""
Ф-4963	Гродинилор	Hrodynylor	урочище	Миколаївська обл.	р-н Вознесенський	"N 47° 33’ 57"""	"E 31° 43’ 58"""
Ф-4965	Новоселівка	Novoselivka	урочище	Миколаївська обл.	р-н Єланецький	"N 47° 34’ 25"""	"E 31° 59’ 38"""
Ф-4967	Селище Мамонів	Selyshche Mamoniv	урочище	Миколаївська обл.	р-н Вознесенський	"N 47° 32’ 47"""	"E 31° 36’ 20"""
Ф-4984	Ліснопіль	Lisnopil	урочище	Миколаївська обл.	р-н Новоодеський	"N 47° 22’ 40"""	"E 31° 56’ 43"""
Ф-802	Стовбова	Stovbova	річка, що пересихає	Миколаївська обл., Одеська обл.		"N 47° 33’ 12"""	"E 30° 43’ 32"""
Ф-817	Тартакай	Tartakai	річка, що пересихає	Миколаївська обл., Одеська обл.		"N 47° 11’ 32"""	"E 30° 54’ 27"""
Ф-837	Гнилюха	Hnyliukha	річка	Миколаївська обл.		"N 48° 5’ 55"""	"E 30° 35’ 20"""
Ф-847	Комишувата	Komyshuvata	річка	Миколаївська обл.		"N 47° 52’ 3"""	"E 31° 34’ 0"""
Ф-849	Мазниця	Maznytsia	річка	Миколаївська обл.		"N 48° 1’ 45"""	"E 31° 35’ 20"""
Ф-852	Кам'яно-Костувата	Kamiano-Kostuvata	річка	Миколаївська обл.		"N 47° 52’ 32"""	"E 31° 34’ 30"""
Ф-853	Комишуватий	Komyshuvatyi	річка	Миколаївська обл.		"N 47° 59’ 0"""	"E 31° 28’ 41"""
Ф-866	Тилігульський лиман	Tylihulskyi lyman	лиман	Миколаївська обл., Одеська обл.		"N 46° 53’ 20"""	"E 31° 5’ 30"""
Ф-867	Бакшала	Bakshala	річка, що пересихає	Миколаївська обл.		"N 47° 42’ 35"""	"E 31° 11’ 50"""
Ф-899	Білоусівка	Bilousivka	річка	Миколаївська обл.		"N 47° 27’ 35"""	"E 31° 29’ 5"""
Ф-900	Вербова	Verbova	річка	Миколаївська обл., Дніпропетровська обл.		"N 47° 36’ 15"""	"E 32° 58’ 22"""
Ф-902	Березань	Berezan	річка	Миколаївська обл.		"N 46° 50’ 18"""	"E 31° 35’ 20"""
Ф-904	Сасик	Sasyk	річка, що пересихає	Миколаївська обл.		"N 46° 48’ 10"""	"E 31° 25’ 38"""
Ф-909	Березань	Berezan	водосховище	Миколаївська обл.		"N 46° 52’ 55"""	"E 31° 33’ 35"""
Ф-917	Черепашине	Cherepashyne	озеро	Миколаївська обл.	р-н Очаківський	"N 46° 28’ 20"""	"E 31° 41’ 20"""
Ф-921	Глаголь	Hlahol	озеро	Миколаївська обл.	р-н Очаківський	"N 46° 29’ 30"""	"E 31° 46’ 15"""
Ф-922	Криве	Kryve	озеро, що пересихає	Миколаївська обл.	р-н Очаківський	"N 46° 29’ 42"""	"E 31° 47’ 0"""
Ф-926	Татарське	Tatarske	озеро, що пересихає	Миколаївська обл.		"N 46° 31’ 18"""	"E 31° 47’ 3"""
Ф-929	Василькове	Vasylkove	озеро	Миколаївська обл.	р-н Очаківський	"N 46° 31’ 15"""	"E 31° 48’ 5"""
